Адрес,Индекс,Регион,Широта,Долгота,Население
"Респ Адыгея, г Адыгейск",385200.0,Адыгея,44.878414,39.190289,12689
г Майкоп,385000.0,Адыгея,44.6098268,40.1006606,144055
г Горно-Алтайск,649000.0,Алтай,51.9581028,85.9603235,62861
"Алтайский край, г Алейск",658125.0,Алтайский,52.4922513,82.7793606,28528
г Барнаул,656000.0,Алтайский,53.3479968,83.7798064,635585
"Алтайский край, г Белокуриха",659900.0,Алтайский,51.996152,84.9839604,15072
"Алтайский край, г Бийск",659300.0,Алтайский,52.5393864,85.2138453,203826
"Алтайский край, г Горняк",658420.0,Алтайский,50.9979622,81.4643358,13040
"Алтайский край, г Заринск",659100.0,Алтайский,53.7063476,84.9315081,47035
"Алтайский край, г Змеиногорск",658480.0,Алтайский,51.1581094,82.1872547,10569
"Алтайский край, г Камень-на-Оби",658700.0,Алтайский,53.7913974,81.3545053,41787
"Алтайский край, г Новоалтайск",658041.0,Алтайский,53.4119759,83.9311069,73134
"Алтайский край, г Рубцовск",658200.0,Алтайский,51.5012067,81.2078695,146386
"Алтайский край, г Славгород",658820.0,Алтайский,52.999463,78.6459232,30370
"Алтайский край, г Яровое",658837.0,Алтайский,52.9252146,78.5729775,18085
"Амурская обл, г Белогорск",676805.0,Амурская,50.9213415,128.4739471,68220
г Благовещенск,675000.0,Амурская,50.290659,127.527198,214397
"Амурская обл, г Завитинск",676870.0,Амурская,50.1064111,129.4391813,11481
"Амурская обл, г Зея",676151.0,Амурская,53.7340088,127.265787,25042
"Амурская обл, г Райчихинск",676770.0,Амурская,49.7941615,129.4112492,20499
"Амурская обл, г Свободный",676450.0,Амурская,51.3614103,128.1219729,58594
"Амурская обл, г Сковородино",676011.0,Амурская,53.9871095,123.9437205,9561
"Амурская обл, г Тында",676280.0,Амурская,55.1546441,124.7468904,35574
"Амурская обл, г Циолковский",676470.0,Амурская,51.762481,128.1219846,6208
"Амурская обл, г Шимановск",676301.0,Амурская,52.0051886,127.7005458,19815
г Архангельск,163000.0,Архангельская,64.5394289,40.5169606,348716
"Архангельская обл, г Вельск",165150.0,Архангельская,61.066,42.1032789,23885
"Архангельская обл, г Каргополь",164110.0,Архангельская,61.5009724,38.9636966,10148
"Архангельская обл, г Коряжма",165650.0,Архангельская,61.2885948,47.1003015,39629
"Архангельская обл, г Котлас",165300.0,Архангельская,61.2528972,46.633242,60562
"Архангельская обл, г Мезень",164750.0,Архангельская,65.8398078,44.2532273,3599
"Архангельская обл, г Мирный",164170.0,Архангельская,62.7645265,40.3360076,30259
"Архангельская обл, г Новодвинск",164900.0,Архангельская,64.4136851,40.8208143,40612
"Архангельская обл, г Няндома",164200.0,Архангельская,61.6654674,40.2062947,22354
"Архангельская обл, г Онега",164840.0,Архангельская,63.9162928,38.0805031,21359
"Архангельская обл, г Северодвинск",164500.0,Архангельская,64.5625385,39.8180934,192265
"Архангельская обл, Котласский р-н, г Сольвычегодск",165330.0,Архангельская,61.3319616,46.920441,2460
"Архангельская обл, г Шенкурск",165160.0,Архангельская,62.1057272,42.8996973,5702
г Астрахань,414000.0,Астраханская,46.3655652,48.0559236,520662
"Астраханская обл, г Ахтубинск",416500.0,Астраханская,48.2752034,46.1906462,41898
"Астраханская обл, г Знаменск",416540.0,Астраханская,48.5866291,45.7368019,29357
"Астраханская обл, г Камызяк",416340.0,Астраханская,46.110579,48.07333,16291
"Астраханская обл, г Нариманов",416111.0,Астраханская,46.6916565,47.8502476,11386
"Астраханская обл, г Харабали",416010.0,Астраханская,47.408999,47.2525345,18209
"Респ Башкортостан, г Агидель",452920.0,Башкортостан,55.8999056,53.9220144,16365
"Респ Башкортостан, г Баймак",453630.0,Башкортостан,52.5912896,58.3110998,17710
"Респ Башкортостан, г Белебей",452000.0,Башкортостан,54.1034582,54.1113129,60183
"Респ Башкортостан, г Белорецк",453500.0,Башкортостан,53.9676488,58.4100419,68804
"Респ Башкортостан, г Бирск",452450.0,Башкортостан,55.4155753,55.5582214,41637
"Респ Башкортостан, г Благовещенск",453430.0,Башкортостан,55.0499867,55.9553186,34246
"Респ Башкортостан, г Давлеканово",453400.0,Башкортостан,54.2226707,55.0312373,24040
"Респ Башкортостан, г Дюртюли",452320.0,Башкортостан,55.4848318,54.8524765,31272
"Респ Башкортостан, г Ишимбай",453200.0,Башкортостан,53.4545764,56.0438751,66259
"Респ Башкортостан, г Кумертау",453300.0,Башкортостан,52.7564939,55.7970197,62854
"Респ Башкортостан, г Межгорье",453570.0,Башкортостан,54.2397689,57.9614547,17353
"Респ Башкортостан, г Мелеуз",453853.0,Башкортостан,52.9589532,55.9282838,61408
"Респ Башкортостан, г Нефтекамск",452680.0,Башкортостан,56.088377,54.2483061,121757
"Респ Башкортостан, г Октябрьский",452601.0,Башкортостан,54.4815311,53.4655972,109379
"Респ Башкортостан, г Салават",453250.0,Башкортостан,53.3616974,55.9245224,156085
"Респ Башкортостан, г Сибай",453830.0,Башкортостан,52.7204651,58.6663783,62732
"Респ Башкортостан, г Стерлитамак",453100.0,Башкортостан,53.6300864,55.9317089,273432
"Респ Башкортостан, г Туймазы",452750.0,Башкортостан,54.5999224,53.6950623,66849
г Уфа,450000.0,Башкортостан,54.734944,55.9578468,1062300
"Респ Башкортостан, г Учалы",453700.0,Башкортостан,54.3067375,59.4125461,37771
"Респ Башкортостан, г Янаул",452800.0,Башкортостан,56.2650146,54.929907,26988
"Белгородская обл, г Алексеевка",309850.0,Белгородская,50.6299647,38.6880342,39026
г Белгород,308000.0,Белгородская,50.5976472,36.5856652,356426
"Белгородская обл, г Бирюч",309920.0,Белгородская,50.6484585,38.4005083,7842
"Белгородская обл, г Валуйки",309990.0,Белгородская,50.2111207,38.0998772,35322
"Белгородская обл, г Грайворон",309370.0,Белгородская,50.4862958,35.6663877,6234
"Белгородская обл, г Губкин",309180.0,Белгородская,51.2837123,37.5347759,88562
"Белгородская обл, г Короча",309210.0,Белгородская,50.8129041,37.1896436,5877
"Белгородская обл, г Новый Оскол",309640.0,Белгородская,50.7633747,37.8775484,19530
"Белгородская обл, г Старый Оскол",309500.0,Белгородская,51.2967101,37.8350182,221163
"Белгородская обл, г Строитель",309070.0,Белгородская,50.7845099,36.4887648,23933
"Белгородская обл, г Шебекино",309290.0,Белгородская,50.4004883,36.8877889,44277
г Брянск,241000.0,Брянская,53.2419535,34.3652146,415640
"Брянская обл, г Дятьково",242600.0,Брянская,53.5958178,34.3551812,29438
"Брянская обл, г Жуковка",242700.0,Брянская,53.5340397,33.7302579,18269
"Брянская обл, г Злынка",243600.0,Брянская,52.4267015,31.7360399,5507
"Брянская обл, г Карачев",242500.0,Брянская,53.1296524,34.9888727,19715
"Брянская обл, г Клинцы",243140.0,Брянская,52.7529119,32.233911,62510
"Брянская обл, г Мглин",243220.0,Брянская,53.0599771,32.8468129,7916
"Брянская обл, г Новозыбков",243020.0,Брянская,52.537173,31.9357991,40552
"Брянская обл, г Почеп",243400.0,Брянская,52.9154851,33.4744058,17933
"Брянская обл, г Севск",242440.0,Брянская,52.1483358,34.4918415,7282
"Брянская обл, г Сельцо",241550.0,Брянская,53.3739884,34.1059172,17933
"Брянская обл, г Стародуб",243240.0,Брянская,52.5852257,32.760403,19010
"Брянская обл, г Сураж",243500.0,Брянская,53.0170888,32.3938878,11640
"Брянская обл, г Трубчевск",242220.0,Брянская,52.5791734,33.7660547,15014
"Брянская обл, г Унеча",243300.0,Брянская,52.8461199,32.6757629,26196
"Брянская обл, г Фокино",242610.0,Брянская,53.4554145,34.4159238,13874
"Респ Бурятия, Кабанский р-н, г Бабушкин",671230.0,Бурятия,51.7112755,105.8673219,4542
"Респ Бурятия, г Гусиноозерск",671160.0,Бурятия,51.2865048,106.5230319,23280
"Респ Бурятия, г Закаменск",671950.0,Бурятия,50.372713,103.286699,11249
"Респ Бурятия, г Кяхта",671840.0,Бурятия,50.346543,106.4533516,20013
"Респ Бурятия, г Северобайкальск",671700.0,Бурятия,55.635614,109.3361505,23673
г Улан-Удэ,670000.0,Бурятия,51.8335853,107.5842223,431922
"Владимирская обл, г Александров",601650.0,Владимирская,56.391819,38.7111123,61544
г Владимир,600000.0,Владимирская,56.1280804,40.4084376,348256
"Владимирская обл, г Вязники",601440.0,Владимирская,56.29773,42.2687398,41252
"Владимирская обл, г Гороховец",601480.0,Владимирская,56.2021036,42.6926111,14015
"Владимирская обл, г Гусь-Хрустальный",601500.0,Владимирская,55.6198751,40.6579929,60773
"Владимирская обл, г Камешково",601300.0,Владимирская,56.3490152,40.9955183,13113
"Владимирская обл, Александровский р-н, г Карабаново",601640.0,Владимирская,56.3131822,38.7034257,14868
"Владимирская обл, г Киржач",601010.0,Владимирская,56.1486863,38.8635701,30044
"Владимирская обл, г Ковров",601900.0,Владимирская,56.3554349,41.3170576,145492
"Владимирская обл, г Кольчугино",601780.0,Владимирская,56.3327254,39.391336,45804
"Владимирская обл, Петушинский р-н, г Костерево",601110.0,Владимирская,55.9337222,39.6247398,9136
"Владимирская обл, Гусь-Хрустальный р-н, г Курлово",601570.0,Владимирская,55.452698,40.6124108,6791
"Владимирская обл, Собинский р-н, г Лакинск",601240.0,Владимирская,56.0180587,39.956551,15707
"Владимирская обл, г Меленки",602101.0,Владимирская,55.3387515,41.6340046,15208
"Владимирская обл, г Муром",602205.0,Владимирская,55.5630311,42.0231362,116078
"Владимирская обл, г Петушки",601140.0,Владимирская,55.9298134,39.4508075,15167
"Владимирская обл, Петушинский р-н, г Покров",601120.0,Владимирская,55.9166398,39.1734526,17762
"Владимирская обл, г Радужный",600910.0,Владимирская,55.9960277,40.3321855,18212
"Владимирская обл, г Собинка",601201.0,Владимирская,55.9939169,40.0179653,19482
"Владимирская обл, Александровский р-н, г Струнино",601670.0,Владимирская,56.3749967,38.5839667,14372
"Владимирская обл, г Судогда",601351.0,Владимирская,55.9498056,40.8562939,11848
"Владимирская обл, г Суздаль",601291.0,Владимирская,56.4274441,40.4525692,10535
"Владимирская обл, г Юрьев-Польский",601800.0,Владимирская,56.4937757,39.6680539,19588
г Волгоград,400000.0,Волгоградская,48.7070042,44.5170339,1021244
"Волгоградская обл, г Волжский",404100.0,Волгоградская,48.7978209,44.7462538,314436
"Волгоградская обл, г Дубовка",404002.0,Волгоградская,49.0554742,44.8270085,14345
"Волгоградская обл, г Жирновск",403790.0,Волгоградская,50.9768814,44.7858202,16890
"Волгоградская обл, г Калач-на-Дону",404500.0,Волгоградская,48.6889024,43.5306303,26892
"Волгоградская обл, г Камышин",403870.0,Волгоградская,50.0651529,45.3844202,119924
"Волгоградская обл, г Котельниково",404350.0,Волгоградская,47.6310259,43.1330872,20441
"Волгоградская обл, г Котово",403801.0,Волгоградская,50.3205766,44.8030699,24104
"Волгоградская обл, Среднеахтубинский р-н, г Краснослободск",404160.0,Волгоградская,48.7068721,44.5630857,16007
"Волгоградская обл, г Ленинск",404620.0,Волгоградская,48.6936061,45.1992692,15527
"Волгоградская обл, г Михайловка",403340.0,Волгоградская,50.0708719,43.2401512,59153
"Волгоградская обл, г Николаевск",404030.0,Волгоградская,50.0165306,45.4731658,15081
"Волгоградская обл, г Новоаннинский",403950.0,Волгоградская,50.5296067,42.6666439,17911
"Волгоградская обл, г Палласовка",404260.0,Волгоградская,50.0500944,46.8804277,15984
"Волгоградская обл, Камышинский р-н, г Петров Вал",403840.0,Волгоградская,50.1380557,45.20914,13264
"Волгоградская обл, г Серафимович",403441.0,Волгоградская,49.5663183,42.7360402,9368
"Волгоградская обл, г Суровикино",404410.0,Волгоградская,48.618917,42.8541163,20527
"Волгоградская обл, г Урюпинск",403110.0,Волгоградская,50.7903789,42.0288513,41594
"Волгоградская обл, г Фролово",403530.0,Волгоградская,49.7649148,43.6648641,39489
"Вологодская обл, г Бабаево",162480.0,Вологодская,59.3892583,35.9377058,12074
"Вологодская обл, г Белозерск",161200.0,Вологодская,60.0308381,37.7890586,9614
"Вологодская обл, г Великий Устюг",162390.0,Вологодская,60.7603913,46.3054414,31664
г Вологда,160000.0,Вологодская,59.2483905,39.8355662,301642
"Вологодская обл, г Вытегра",162900.0,Вологодская,61.0063465,36.4495137,10490
"Вологодская обл, г Грязовец",162000.0,Вологодская,58.8757553,40.2485362,15528
"Вологодская обл, Сокольский р-н, г Кадников",162107.0,Вологодская,59.5037764,40.3441148,4797
"Вологодская обл, г Кириллов",161100.0,Вологодская,59.8591523,38.3748782,7735
"Вологодская обл, Великоустюгский р-н, г Красавино",162341.0,Вологодская,60.9612823,46.4814116,7003
"Вологодская обл, г Никольск",161440.0,Вологодская,59.5351837,45.4576137,8515
"Вологодская обл, г Сокол",162129.0,Вологодская,59.4758605,40.1114187,38454
"Вологодская обл, г Тотьма",161300.0,Вологодская,59.9734998,42.7589506,9784
"Вологодская обл, г Устюжна",162840.0,Вологодская,58.8383117,36.4425478,9478
"Вологодская обл, г Харовск",162250.0,Вологодская,59.9479423,40.2000298,10078
"Вологодская обл, г Череповец",162600.0,Вологодская,59.1269212,37.9090497,312311
"Воронежская обл, г Бобров",397700.0,Воронежская,51.0901649,40.0318256,19738
"Воронежская обл, г Богучар",396790.0,Воронежская,49.9352454,40.5590801,11811
"Воронежская обл, г Борисоглебск",397160.0,Воронежская,51.3655754,42.1008334,65585
"Воронежская обл, г Бутурлиновка",397500.0,Воронежская,50.8311818,40.5976923,27208
г Воронеж,394000.0,Воронежская,51.6593332,39.1969229,889680
"Воронежская обл, г Калач",397600.0,Воронежская,50.4242134,41.0162014,20046
"Воронежская обл, г Лиски",397904.0,Воронежская,50.9945626,39.5184909,55864
"Воронежская обл, г Нововоронеж",396070.0,Воронежская,51.3091524,39.2162843,32635
"Воронежская обл, г Новохоперск",397400.0,Воронежская,51.0952211,41.6173404,6849
"Воронежская обл, г Острогожск",397837.0,Воронежская,50.8677905,39.0407746,33842
"Воронежская обл, г Павловск",396420.0,Воронежская,50.453455,40.136874,25126
"Воронежская обл, г Поворино",397350.0,Воронежская,51.1954419,42.2472726,17692
"Воронежская обл, г Россошь",396650.0,Воронежская,50.1701949,39.6226965,62865
"Воронежская обл, г Семилуки",396900.0,Воронежская,51.6951644,39.0190454,26025
"Воронежская обл, г Эртиль",397030.0,Воронежская,51.830932,40.8074182,11387
"Респ Дагестан, г Буйнакск",368220.0,Дагестан,42.8214424,47.1165263,65735
"Респ Дагестан, г Дагестанские Огни",368670.0,Дагестан,42.1152296,48.1939354,30671
"Респ Дагестан, г Дербент",368000.0,Дагестан,42.058966,48.2907452,119961
"Респ Дагестан, г Избербаш",368500.0,Дагестан,42.5650962,47.8710051,56301
"Респ Дагестан, г Каспийск",368300.0,Дагестан,42.8916007,47.6367066,103914
"Респ Дагестан, г Кизилюрт",368120.0,Дагестан,43.203825,46.8729636,36187
"Респ Дагестан, г Кизляр",368830.0,Дагестан,43.8484083,46.7233699,49169
г Махачкала,367000.0,Дагестан,42.9849159,47.5047181,577990
"Респ Дагестан, г Хасавюрт",368000.0,Дагестан,43.2504665,46.5851292,133929
"Респ Дагестан, г Южно-Сухокумск",368890.0,Дагестан,44.6602467,45.6499523,10048
г Биробиджан,679002.0,Еврейская,48.7946446,132.9217207,75419
"Еврейская Аобл, г Облучье",679100.0,Еврейская,49.0189345,131.0540102,9379
"Забайкальский край, г Балей",673450.0,Забайкальский,51.5823759,116.6379549,12536
"Забайкальский край, г Борзя",674600.0,Забайкальский,50.3876058,116.5234779,31376
"Забайкальский край, г Краснокаменск",674670.0,Забайкальский,50.0929703,118.0323936,55668
"Забайкальский край, г Могоча",673730.0,Забайкальский,53.7361398,119.7660867,13228
"Забайкальский край, г Нерчинск",673400.0,Забайкальский,51.9594977,116.5852383,14976
"Забайкальский край, г Петровск-Забайкальский",673000.0,Забайкальский,51.2748592,108.846681,18555
"Забайкальский край, г Сретенск",673500.0,Забайкальский,52.2461454,117.7117842,6850
"Забайкальский край, г Хилок",673200.0,Забайкальский,51.3634856,110.4590898,11530
г Чита,672000.0,Забайкальский,52.0340142,113.4994,323964
"Забайкальский край, г Шилка",673303.0,Забайкальский,51.8497035,116.0334461,13947
"Ивановская обл, г Вичуга",155330.0,Ивановская,57.2044698,41.9132201,37609
"Ивановская обл, г Гаврилов Посад",155000.0,Ивановская,56.5586946,40.1228906,6434
"Ивановская обл, г Заволжск",155410.0,Ивановская,57.4918141,42.1375625,12045
г Иваново,153000.0,Ивановская,56.9993792,40.9728272,409277
"Ивановская обл, г Кинешма",155800.0,Ивановская,57.4425463,42.168914,88113
"Ивановская обл, г Комсомольск",155150.0,Ивановская,57.0273052,40.3776851,8693
"Ивановская обл, г Кохма",153510.0,Ивановская,56.9324606,41.0931657,29408
"Ивановская обл, Кинешемский р-н, г Наволоки",155830.0,Ивановская,57.4679066,41.9608002,10207
"Ивановская обл, Приволжский р-н, г Плес",155555.0,Ивановская,57.4606031,41.5122672,2341
"Ивановская обл, г Приволжск",155550.0,Ивановская,57.3805743,41.2808565,16749
"Ивановская обл, г Пучеж",155360.0,Ивановская,56.9820688,43.1683321,8583
"Ивановская обл, г Родники",155250.0,Ивановская,57.1025975,41.7298834,26318
"Ивановская обл, г Тейково",155040.0,Ивановская,56.8542719,40.5353874,34993
"Ивановская обл, г Фурманов",155520.0,Ивановская,57.2539276,41.1054432,36149
"Ивановская обл, г Шуя",155900.0,Ивановская,56.8560234,41.3800939,58528
"Ивановская обл, г Южа",155630.0,Ивановская,56.5926877,42.0458099,14170
"Ивановская обл, г Юрьевец",155450.0,Ивановская,57.3177781,43.1110401,10205
"Респ Ингушетия, г Карабулак",386230.0,Ингушетия,43.3055248,44.9094582,31081
г Магас,386001.0,Ингушетия,43.1688611,44.8131207,2505
"Респ Ингушетия, г Малгобек",386300.0,Ингушетия,43.5096646,44.5901963,31076
"Респ Ингушетия, г Назрань",386100.0,Ингушетия,43.2257841,44.7645779,93357
"Респ Ингушетия, г Сунжа",386200.0,Ингушетия,43.3204196,45.0476331,64493
"Иркутская обл, Нижнеудинский р-н, г Алзамай",665160.0,Иркутская,55.5551233,98.6643699,6751
"Иркутская обл, г Ангарск",665800.0,Иркутская,52.544879,103.888543,233765
"Иркутская обл, Слюдянский р-н, г Байкальск",665930.0,Иркутская,51.5230393,104.1487532,13589
"Иркутская обл, Тайшетский р-н, г Бирюсинск",665050.0,Иркутская,55.9609167,97.8205348,8981
"Иркутская обл, г Бодайбо",666901.0,Иркутская,57.8468636,114.1866287,15331
"Иркутская обл, г Братск",665700.0,Иркутская,56.1513108,101.6340035,246348
"Иркутская обл, Братский р-н, г Вихоревка",665770.0,Иркутская,56.1208145,101.1702926,22528
"Иркутская обл, г Железногорск-Илимский",665650.0,Иркутская,56.5847888,104.114275,26134
"Иркутская обл, г Зима",665382.0,Иркутская,53.920693,102.0491772,32522
г Иркутск,664000.0,Иркутская,52.2864036,104.2807466,587225
"Иркутская обл, г Киренск",666700.0,Иркутская,57.7756595,108.1109412,12652
"Иркутская обл, г Нижнеудинск",665100.0,Иркутская,54.8968931,99.0314056,37056
"Иркутская обл, г Саянск",666300.0,Иркутская,54.1107238,102.18015,40786
"Иркутская обл, г Свирск",665420.0,Иркутская,53.0842668,103.3364093,13649
"Иркутская обл, г Слюдянка",665902.0,Иркутская,51.6563983,103.7187545,18542
"Иркутская обл, г Тайшет",665000.0,Иркутская,55.9405334,98.0030145,35481
"Иркутская обл, г Тулун",665250.0,Иркутская,54.557162,100.5780603,44603
"Иркутская обл, г Усолье-Сибирское",665450.0,Иркутская,52.7565808,103.6388109,83364
"Иркутская обл, г Усть-Илимск",666671.0,Иркутская,57.9430504,102.7415734,86591
"Иркутская обл, г Усть-Кут",666780.0,Иркутская,56.7928178,105.7757343,45061
"Иркутская обл, г Черемхово",665400.0,Иркутская,53.1369095,103.0901268,52650
"Иркутская обл, г Шелехов",666031.0,Иркутская,52.2102538,104.0973294,47960
"Респ Кабардино-Балкарская, г Баксан",361500.0,Кабардино-Балкарская,43.6819137,43.5345036,36857
"Респ Кабардино-Балкарская, г Майский",361110.0,Кабардино-Балкарская,43.6281516,44.0517314,26755
г Нальчик,360000.0,Кабардино-Балкарская,43.4845464,43.60713,240095
"Респ Кабардино-Балкарская, г Нарткала",361330.0,Кабардино-Балкарская,43.5578075,43.8575925,31679
"Респ Кабардино-Балкарская, г Прохладный",361040.0,Кабардино-Балкарская,43.7589602,44.0102409,59595
"Респ Кабардино-Балкарская, г Терек",361200.0,Кабардино-Балкарская,43.4839358,44.1402161,19170
"Респ Кабардино-Балкарская, г Тырныауз",361621.0,Кабардино-Балкарская,43.3981585,42.9213582,21000
"Респ Кабардино-Балкарская, г Чегем",361400.0,Кабардино-Балкарская,43.5671525,43.5865792,17988
"Калининградская обл, г Багратионовск",238420.0,Калининградская,54.3866518,20.6418091,6399
"Калининградская обл, г Балтийск",238520.0,Калининградская,54.6513372,19.9140572,32670
"Калининградская обл, г Гвардейск",238210.0,Калининградская,54.6588378,21.0501388,13888
"Калининградская обл, г Гурьевск",238300.0,Калининградская,54.770638,20.6039767,12433
"Калининградская обл, г Гусев",238050.0,Калининградская,54.5915455,22.1942445,28260
"Калининградская обл, г Зеленоградск",238326.0,Калининградская,54.9600185,20.4753652,13015
г Калининград,236001.0,Калининградская,54.7074702,20.5073241,431491
"Калининградская обл, г Краснознаменск",238730.0,Калининградская,54.9453423,22.4928745,3522
"Калининградская обл, г Ладушкин",238460.0,Калининградская,54.5692156,20.1690153,3788
"Калининградская обл, г Мамоново",238450.0,Калининградская,54.4646036,19.9453482,7757
"Калининградская обл, г Неман",238710.0,Калининградская,55.0316524,22.0324064,11794
"Калининградская обл, г Нестеров",238010.0,Калининградская,54.6313814,22.5713736,4584
"Калининградская обл, г Озерск",238120.0,Калининградская,54.4084705,22.0134438,4740
"Калининградская обл, г Пионерский",238590.0,Калининградская,54.9516574,20.2277424,11017
"Калининградская обл, г Полесск",238630.0,Калининградская,54.8625126,21.0998067,7580
"Калининградская обл, г Правдинск",238400.0,Калининградская,54.4430986,21.0085269,4323
"Калининградская обл, Балтийский р-н, г Приморск",238510.0,Калининградская,54.7311437,19.9981926,1956
"Калининградская обл, г Светлогорск",238560.0,Калининградская,54.9439286,20.1514295,10775
"Калининградская обл, г Светлый",238340.0,Калининградская,54.6772897,20.1357595,21380
"Калининградская обл, г Славск",238600.0,Калининградская,55.0449714,21.6742367,4614
"Калининградская обл, г Советск",238750.0,Калининградская,55.0809336,21.8886106,41709
"Калининградская обл, г Черняховск",238150.0,Калининградская,54.6244751,21.7969062,40464
"Респ Калмыкия, г Городовиковск",359050.0,Калмыкия,46.0875083,41.935537,9565
"Респ Калмыкия, г Лагань",359220.0,Калмыкия,45.3930912,47.3432602,14323
г Элиста,358000.0,Калмыкия,46.3083344,44.2702088,103728
"Калужская обл, Боровский р-н, г Балабаново",249000.0,Калужская,55.1773714,36.6566951,26337
"Калужская обл, Жуковский р-н, г Белоусово",249160.0,Калужская,55.0956803,36.677629,8432
"Калужская обл, г Боровск",249010.0,Калужская,55.2130096,36.4926251,12283
"Калужская обл, Боровский р-н, г Ермолино",249026.0,Калужская,55.1971758,36.5952722,10409
"Калужская обл, г Жиздра",249340.0,Калужская,53.7521926,34.7386592,5585
"Калужская обл, г Жуков",249190.0,Калужская,55.0301833,36.7394903,12150
г Калуга,248000.0,Калужская,54.5059848,36.2516245,325185
"Калужская обл, г Киров",249440.0,Калужская,54.0790111,34.3076201,31888
"Калужская обл, г Козельск",249720.0,Калужская,54.0347201,35.780768,18203
"Калужская обл, г Кондрово",249830.0,Калужская,54.7959473,35.9274842,16672
"Калужская обл, Жуковский р-н, г Кременки",249185.0,Калужская,54.8862447,37.1168701,11617
"Калужская обл, г Людиново",249400.0,Калужская,53.8700828,34.4385915,40550
"Калужская обл, г Малоярославец",249091.0,Калужская,55.0177123,36.4633603,30401
"Калужская обл, г Медынь",249950.0,Калужская,54.9689785,35.8872168,8298
"Калужская обл, г Мещовск",249240.0,Калужская,54.3191471,35.2816918,4101
"Калужская обл, г Мосальск",249930.0,Калужская,54.4824939,34.9872239,4285
"Калужская обл, г Обнинск",249030.0,Калужская,55.0943144,36.6121639,104798
"Калужская обл, Козельский р-н, г Сосенский",249710.0,Калужская,54.0566016,35.9621646,12394
"Калужская обл, г Спас-Деменск",249610.0,Калужская,54.409922,34.0189631,4904
"Калужская обл, г Сухиничи",249270.0,Калужская,54.097296,35.3443568,16295
"Калужская обл, Тарусский р-н, г Таруса",249100.0,Калужская,54.7236477,37.1671,9656
"Калужская обл, г Юхнов",249910.0,Калужская,54.7446445,35.2424346,7056
"Камчатский край, г Вилючинск",684090.0,Камчатский,52.9302415,158.4057632,22905
"Камчатский край, г Елизово",684000.0,Камчатский,53.1830375,158.3883548,39548
г Петропавловск-Камчатский,683000.0,Камчатский,53.036908,158.6559254,179526
"Респ Карачаево-Черкесская, г Карачаевск",369200.0,Карачаево-Черкесская,43.7732525,41.9143472,23848
"Респ Карачаево-Черкесская, г Теберда",369212.0,Карачаево-Черкесская,43.4437731,41.7415142,9097
"Респ Карачаево-Черкесская, г Усть-Джегута",369300.0,Карачаево-Черкесская,44.0838442,41.9711046,30602
г Черкесск,369000.0,Карачаево-Черкесская,44.2269425,42.0466704,121439
"Респ Карелия, г Беломорск",186500.0,Карелия,64.5378417,34.7799462,11217
"Респ Карелия, Кемский р-н, г Кемь",186610.0,Карелия,64.9543539,34.5949263,13061
"Респ Карелия, г Кондопога",186220.0,Карелия,62.2059817,34.2682122,32978
"Респ Карелия, г Костомукша",186930.0,Карелия,64.5889398,30.6016832,28433
"Респ Карелия, г Лахденпохья",186730.0,Карелия,61.518881,30.1996116,7818
"Респ Карелия, г Медвежьегорск",186350.0,Карелия,62.9127626,34.4568489,15536
"Респ Карелия, г Олонец",186000.0,Карелия,60.9794025,32.9725519,9060
г Петрозаводск,185000.0,Карелия,61.7891264,34.3596434,263540
"Респ Карелия, г Питкяранта",186810.0,Карелия,61.5757191,31.4640557,11484
"Респ Карелия, г Пудож",186150.0,Карелия,61.8058821,36.5329941,9698
"Респ Карелия, г Сегежа",186420.0,Карелия,63.7437572,34.3126982,29660
"Респ Карелия, г Сортавала",186790.0,Карелия,61.703367,30.6916998,19215
"Респ Карелия, г Суоярви",186870.0,Карелия,62.0787293,32.3499386,9763
"Кемеровская область - Кузбасс, г Анжеро-Судженск",652470.0,Кемеровская область - Кузбасс,56.0786281,86.0201278,76669
"Кемеровская область - Кузбасс, г Белово",652600.0,Кемеровская область - Кузбасс,54.4220968,86.3037373,76752
"Кемеровская область - Кузбасс, г Березовский",652420.0,Кемеровская область - Кузбасс,55.6693513,86.2744459,47292
"Кемеровская область - Кузбасс, г Гурьевск",652780.0,Кемеровская область - Кузбасс,54.2859263,85.9475985,24816
"Кемеровская область - Кузбасс, г Калтан",652740.0,Кемеровская область - Кузбасс,53.5210919,87.2771636,21893
г Кемерово,650000.0,Кемеровская область - Кузбасс,55.3910651,86.0467781,532884
"Кемеровская область - Кузбасс, г Киселевск",652700.0,Кемеровская область - Кузбасс,54.0059999,86.6366116,98382
"Кемеровская область - Кузбасс, г Ленинск-Кузнецкий",652500.0,Кемеровская область - Кузбасс,54.6674492,86.1797324,101666
"Кемеровская область - Кузбасс, г Мариинск",652150.0,Кемеровская область - Кузбасс,56.2127383,87.7454924,40522
"Кемеровская область - Кузбасс, г Междуреченск",652870.0,Кемеровская область - Кузбасс,53.6865289,88.0702754,101995
"Кемеровская область - Кузбасс, г Мыски",652840.0,Кемеровская область - Кузбасс,53.7125695,87.8055646,43029
"Кемеровская область - Кузбасс, г Новокузнецк",654000.0,Кемеровская область - Кузбасс,53.794315,87.2142745,547885
"Кемеровская область - Кузбасс, г Осинники",652800.0,Кемеровская область - Кузбасс,53.5988055,87.3371272,45997
"Кемеровская область - Кузбасс, г Полысаево",652560.0,Кемеровская область - Кузбасс,54.6055,86.2809208,27624
"Кемеровская область - Кузбасс, г Прокопьевск",652701.0,Кемеровская область - Кузбасс,53.8604265,86.7183577,210150
"Кемеровская область - Кузбасс, Гурьевский р-н, г Салаир",652770.0,Кемеровская область - Кузбасс,54.2351735,85.8030733,8263
"Кемеровская область - Кузбасс, г Тайга",652400.0,Кемеровская область - Кузбасс,56.0622131,85.6207182,25330
"Кемеровская область - Кузбасс, г Таштагол",652990.0,Кемеровская область - Кузбасс,52.759313,87.8476546,23114
"Кемеровская область - Кузбасс, г Топки",652300.0,Кемеровская область - Кузбасс,55.2764707,85.6152619,28642
"Кемеровская область - Кузбасс, г Юрга",652050.0,Кемеровская область - Кузбасс,55.7202694,84.8886399,81536
"Кировская обл, г Белая Холуница",613200.0,Кировская,58.8415239,50.8460699,11232
"Кировская обл, г Вятские Поляны",612960.0,Кировская,56.2284817,51.0614855,35159
"Кировская обл, г Зуевка",612410.0,Кировская,58.4032152,51.1331606,11198
г Киров,610000.0,Кировская,58.6035264,49.6679304,473668
"Кировская обл, г Кирово-Чепецк",613040.0,Кировская,58.5559424,50.0316848,80920
"Кировская обл, г Кирс",612820.0,Кировская,59.340056,52.2414437,10420
"Кировская обл, г Котельнич",612600.0,Кировская,58.3034832,48.3475597,24979
"Кировская обл, г Луза",613980.0,Кировская,60.6290609,47.2612445,11262
"Кировская обл, г Малмыж",612920.0,Кировская,56.5243844,50.6782739,8265
"Кировская обл, г Мураши",613710.0,Кировская,59.3955383,48.9638417,6752
"Кировская обл, г Нолинск",613440.0,Кировская,57.5597284,49.93575,9556
"Кировская обл, г Омутнинск",612740.0,Кировская,58.6698913,52.1894564,23618
"Кировская обл, г Орлов",612270.0,Кировская,58.5389776,48.8927723,6959
"Кировская обл, г Слободской",613150.0,Кировская,58.7311574,50.1669249,33983
"Кировская обл, г Советск",613341.0,Кировская,57.584196,48.9590272,16592
"Кировская обл, Вятскополянский р-н, г Сосновка",612990.0,Кировская,56.2532741,51.2833642,11960
"Кировская обл, г Уржум",613530.0,Кировская,57.1097477,50.0058097,10213
"Кировская обл, г Яранск",612260.0,Кировская,57.3040326,47.8478737,17252
"Респ Коми, г Воркута",169900.0,Коми,67.4974082,64.061034,70551
"Респ Коми, г Вуктыл",169570.0,Коми,63.8615274,57.3165402,12357
"Респ Коми, г Емва",169200.0,Коми,62.5965137,50.8732125,14574
"Респ Коми, г Инта",169840.0,Коми,66.0367316,60.1152961,32021
"Респ Коми, Усть-Вымский р-н, г Микунь",169060.0,Коми,62.3579068,50.0719503,10732
"Респ Коми, г Печора",169600.0,Коми,65.148584,57.2239777,43458
"Респ Коми, г Сосногорск",169500.0,Коми,63.5989841,53.876293,27809
г Сыктывкар,167000.0,Коми,61.6686617,50.8358151,235006
"Респ Коми, г Усинск",169710.0,Коми,65.994147,57.5569423,41100
"Респ Коми, г Ухта",169300.0,Коми,63.5565514,53.7014239,99642
"Костромская обл, г Буй",157000.0,Костромская,58.4733277,41.5306822,25763
"Костромская обл, г Волгореченск",156901.0,Костромская,57.4424559,41.1594201,17108
"Костромская обл, г Галич",157200.0,Костромская,58.3828191,42.3654013,17346
"Костромская обл, г Кологрив",157440.0,Костромская,58.8269323,44.3184927,3314
г Кострома,156000.0,Костромская,57.768,40.927,268617
"Костромская обл, г Макарьев",157460.0,Костромская,57.8807152,43.8014197,7114
"Костромская обл, г Мантурово",157300.0,Костромская,58.3265441,44.757494,17479
"Костромская обл, г Нерехта",157800.0,Костромская,57.4543369,40.5723598,22817
"Костромская обл, г Нея",157331.0,Костромская,58.2943349,43.8780948,9827
"Костромская обл, г Солигалич",157170.0,Костромская,59.0784867,42.2878423,6438
"Костромская обл, г Чухлома",157130.0,Костромская,58.753421,42.6884958,5209
"Костромская обл, г Шарья",157500.0,Костромская,58.3760542,45.4062414,23668
"Краснодарский край, г Абинск",353320.0,Краснодарский,44.8679655,38.1618157,34926
"Краснодарский край, г Анапа",353440.0,Краснодарский,44.8950433,37.3163282,58983
"Краснодарский край, г Апшеронск",352690.0,Краснодарский,44.4584006,39.7299824,40229
"Краснодарский край, г Армавир",352900.0,Краснодарский,45.0012149,41.1324168,188897
"Краснодарский край, г Белореченск",352630.0,Краснодарский,44.7651876,39.8781494,53891
"Краснодарский край, г Геленджик",353460.0,Краснодарский,44.5630007,38.0790852,54813
"Краснодарский край, г Горячий Ключ",353288.0,Краснодарский,44.6344864,39.1354738,30093
"Краснодарский край, г Гулькевичи",352190.0,Краснодарский,45.3605121,40.6918389,35225
"Краснодарский край, г Ейск",353680.0,Краснодарский,46.71157,38.2763895,87771
"Краснодарский край, г Кореновск",353180.0,Краснодарский,45.4641703,39.458949,41179
г Краснодар,350000.0,Краснодарский,45.0401604,38.9759647,744933
"Краснодарский край, Кавказский р-н, г Кропоткин",352380.0,Краснодарский,45.4333007,40.5727951,80743
"Краснодарский край, г Крымск",353380.0,Краснодарский,44.9344404,37.9855795,57370
"Краснодарский край, г Курганинск",352430.0,Краснодарский,44.8877025,40.5913245,47974
"Краснодарский край, г Лабинск",352500.0,Краснодарский,44.6354363,40.7245341,62822
"Краснодарский край, г Новокубанск",352240.0,Краснодарский,45.1038699,41.0475175,34847
"Краснодарский край, г Новороссийск",353900.0,Краснодарский,44.7235026,37.7686135,241788
"Краснодарский край, г Приморско-Ахтарск",353860.0,Краснодарский,46.0515432,38.1704875,32253
"Краснодарский край, г Славянск-на-Кубани",353560.0,Краснодарский,45.2603626,38.1259774,63768
"Краснодарский край, г Сочи",354000.0,Краснодарский,43.5854551,39.7231548,343285
"Краснодарский край, г Темрюк",353500.0,Краснодарский,45.2610949,37.4454412,38014
"Краснодарский край, г Тимашевск",352700.0,Краснодарский,45.615923,38.9351837,53921
"Краснодарский край, г Тихорецк",352120.0,Краснодарский,45.8546345,40.1260267,61825
"Краснодарский край, г Туапсе",352800.0,Краснодарский,44.1105335,39.0824904,63233
"Краснодарский край, г Усть-Лабинск",352330.0,Краснодарский,45.2227359,39.6929577,43268
"Краснодарский край, Апшеронский р-н, г Хадыженск",352680.0,Краснодарский,44.4122963,39.5320258,21580
"Красноярский край, Курагинский р-н, г Артемовск",662951.0,Красноярский,54.3473075,93.4358377,2180
"Красноярский край, г Ачинск",662150.0,Красноярский,56.253907,90.4794397,109156
"Красноярский край, г Боготол",662060.0,Красноярский,56.2098468,89.5299336,21029
"Красноярский край, г Бородино",663980.0,Красноярский,55.9054121,94.9020967,17423
"Красноярский край, г Дивногорск",663081.0,Красноярский,55.9576784,92.3800687,28271
"Красноярский край, г Дудинка",647000.0,Красноярский,69.4031364,86.1907218,22207
"Красноярский край, г Енисейск",663150.0,Красноярский,58.4485261,92.1651083,18769
"Красноярский край, г Железногорск",662970.0,Красноярский,56.2529035,93.532273,85559
"Красноярский край, Рыбинский р-н, г Заозерный",663960.0,Красноярский,55.9617752,94.7091491,10683
"Красноярский край, г Зеленогорск",663690.0,Красноярский,56.1131564,94.5888103,66018
"Красноярский край, Туруханский р-н, г Игарка",663200.0,Красноярский,67.4666901,86.5812794,6183
"Красноярский край, г Иланский",663800.0,Красноярский,56.2374037,96.067267,16108
"Красноярский край, г Канск",663600.0,Красноярский,56.2051282,95.7051096,94230
"Красноярский край, г Кодинск",663491.0,Красноярский,58.6032644,99.1797962,14835
г Красноярск,660000.0,Красноярский,56.0093879,92.8524806,973826
"Красноярский край, г Лесосибирск",662541.0,Красноярский,58.221681,92.5037872,61146
"Красноярский край, г Минусинск",662600.0,Красноярский,53.7104586,91.6872907,71171
"Красноярский край, г Назарово",662200.0,Красноярский,56.0113799,90.4168775,52829
"Красноярский край, г Норильск",663300.0,Красноярский,69.3489978,88.2009846,175301
"Красноярский край, г Сосновоборск",662500.0,Красноярский,56.1202647,93.3354121,33090
"Красноярский край, г Ужур",662251.0,Красноярский,55.3141969,89.8333918,16079
"Красноярский край, г Уяр",663920.0,Красноярский,55.8131263,94.3282601,12666
"Красноярский край, г Шарыпово",662310.0,Красноярский,55.5389739,89.1801044,38570
"Респ Крым, г Ялта, г Алупка",298676.0,Крым,44.4164605,34.0444797,7771
"Респ Крым, г Алушта",298500.0,Крым,44.6764304,34.4100624,29078
"Респ Крым, г Армянск",296012.0,Крым,46.1059307,33.6910012,21987
"Респ Крым, Бахчисарайский р-н, г Бахчисарай",298400.0,Крым,44.7514769,33.8752176,27448
"Респ Крым, Белогорский р-н, г Белогорск",297600.0,Крым,45.057202,34.5999029,16354
"Респ Крым, г Джанкой",296100.0,Крым,45.7092306,34.3883372,38622
"Респ Крым, г Евпатория",297402.0,Крым,45.190629,33.367634,105719
"Респ Крым, г Керчь",298300.0,Крым,45.3562627,36.4674513,147033
"Респ Крым, г Красноперекопск",296000.0,Крым,45.9537576,33.7921939,26268
"Респ Крым, г Саки",296500.0,Крым,45.1341997,33.6033383,25146
"Респ Крым, г Симферополь",295000.0,Крым,44.9482948,34.1001151,332317
"Респ Крым, Кировский р-н, г Старый Крым",297345.0,Крым,45.029058,35.0901474,9277
"Респ Крым, г Судак",298000.0,Крым,44.8504679,34.9762034,16492
"Респ Крым, г Феодосия",298100.0,Крым,45.0318393,35.3824259,69038
"Респ Крым, Ленинский р-н, г Щелкино",298213.0,Крым,45.4288991,35.825165,10620
"Респ Крым, г Ялта",298600.0,Крым,44.4953612,34.166308,76746
"Курганская обл, г Далматово",641730.0,Курганская,56.262114,62.9387011,13913
"Курганская обл, г Катайск",641700.0,Курганская,56.290809,62.5800359,14017
г Курган,640002.0,Курганская,55.4443883,65.3161963,333640
"Курганская обл, г Куртамыш",641430.0,Курганская,54.9368539,64.4203722,17098
"Курганская обл, г Макушино",641600.0,Курганская,55.2153947,67.2451705,8337
"Курганская обл, г Петухово",641640.0,Курганская,55.0650077,67.8873408,11291
"Курганская обл, г Шадринск",641870.0,Курганская,56.0870344,63.6297182,77744
"Курганская обл, г Шумиха",641100.0,Курганская,55.2280246,63.2901272,17821
"Курганская обл, г Щучье",641010.0,Курганская,55.2087637,62.7478548,10971
"Курская обл, Дмитриевский р-н, г Дмитриев",307500.0,Курская,52.1268464,35.0739038,7721
"Курская обл, г Железногорск",307170.0,Курская,52.3380202,35.3516867,95057
г Курск,305000.0,Курская,51.7303637,36.1925603,414595
"Курская обл, г Курчатов",307250.0,Курская,51.6604083,35.6572224,42691
"Курская обл, г Льгов",307750.0,Курская,51.6597148,35.2612491,21452
"Курская обл, г Обоянь",306230.0,Курская,51.2119324,36.2755133,13562
"Курская обл, г Рыльск",307370.0,Курская,51.5681314,34.6802597,15667
"Курская обл, г Суджа",307800.0,Курская,51.1918927,35.2720915,6036
"Курская обл, г Фатеж",307100.0,Курская,52.0917728,35.8538706,5404
"Курская обл, г Щигры",306509.0,Курская,51.8786014,36.8910945,17043
"Ленинградская обл, г Бокситогорск",187650.0,Ленинградская,59.4734797,33.845688,16593
"Ленинградская обл, г Волосово",188410.0,Ленинградская,59.4445408,29.4923355,12162
"Ленинградская обл, г Волхов",187401.0,Ленинградская,59.9005958,32.3520756,47344
"Ленинградская обл, г Всеволожск",188640.0,Ленинградская,60.0191278,30.6456718,59689
"Ленинградская обл, г Выборг",188800.0,Ленинградская,60.7130801,28.7328336,80013
"Ленинградская обл, Выборгский р-н, г Высоцк",188909.0,Ленинградская,60.6296236,28.5709314,1244
"Ленинградская обл, г Гатчина",188300.0,Ленинградская,59.565237,30.1282473,92566
"Ленинградская обл, Кингисеппский р-н, г Ивангород",188490.0,Ленинградская,59.3766119,28.2231659,9797
"Ленинградская обл, Выборгский р-н, г Каменногорск",188950.0,Ленинградская,60.950855,29.1308372,6761
"Ленинградская обл, г Кингисепп",188455.0,Ленинградская,59.3740435,28.6112444,48667
"Ленинградская обл, г Кириши",187110.0,Ленинградская,59.4742862,32.0624947,52826
"Ленинградская обл, г Кировск",187340.0,Ленинградская,59.8754216,30.981364,25633
"Ленинградская обл, Гатчинский р-н, г Коммунар",188320.0,Ленинградская,59.6215133,30.3934125,20265
"Ленинградская обл, Всеволожский р-н, г Кудрово",188691.0,Ленинградская,59.9075226,30.5121008,13501
"Ленинградская обл, г Лодейное Поле",187700.0,Ленинградская,60.7320936,33.5521022,21053
"Ленинградская обл, г Луга",188230.0,Ленинградская,58.7374031,29.8465776,36409
"Ленинградская обл, Тосненский р-н, г Любань",187050.0,Ленинградская,59.3493847,31.2484801,4188
"Ленинградская обл, Всеволожский р-н, г Мурино",188662.0,Ленинградская,60.044862,30.4571456,19775
"Ленинградская обл, Тосненский р-н, г Никольское",187026.0,Ленинградская,59.7043309,30.7874571,19345
"Ленинградская обл, Волховский р-н, г Новая Ладога",187450.0,Ленинградская,60.1100135,32.3141203,8890
"Ленинградская обл, Кировский р-н, г Отрадное",187330.0,Ленинградская,59.7726848,30.7988557,23874
"Ленинградская обл, Бокситогорский р-н, г Пикалево",187600.0,Ленинградская,59.5132022,34.1772776,21567
"Ленинградская обл, г Подпорожье",187780.0,Ленинградская,60.9127549,34.1567664,18729
"Ленинградская обл, Выборгский р-н, г Приморск",188910.0,Ленинградская,60.3660209,28.6135772,6122
"Ленинградская обл, г Приозерск",188760.0,Ленинградская,61.0330896,30.1587851,18929
"Ленинградская обл, Выборгский р-н, г Светогорск",188990.0,Ленинградская,61.1111282,28.8725865,15973
"Ленинградская обл, Всеволожский р-н, г Сертолово",188650.0,Ленинградская,60.1446932,30.2095918,47854
"Ленинградская обл, г Сланцы",188560.0,Ленинградская,59.1178185,28.0881475,33587
"Ленинградская обл, г Сосновый Бор",188540.0,Ленинградская,59.8772884,29.1291619,65901
"Ленинградская обл, Волховский р-н, г Сясьстрой",187420.0,Ленинградская,60.1401739,32.5601559,13747
"Ленинградская обл, г Тихвин",187550.0,Ленинградская,59.6272904,33.5072731,58843
"Ленинградская обл, г Тосно",187000.0,Ленинградская,59.5407098,30.877812,39127
"Ленинградская обл, Кировский р-н, г Шлиссельбург",187320.0,Ленинградская,59.9443714,31.0333365,13305
"Липецкая обл, г Грязи",399050.0,Липецкая,52.4874097,39.9331142,46798
"Липецкая обл, г Данков",399850.0,Липецкая,53.2577411,39.1456184,21056
"Липецкая обл, г Елец",399770.0,Липецкая,52.6152411,38.5289342,108404
"Липецкая обл, г Задонск",399200.0,Липецкая,52.4004179,38.9205032,9695
"Липецкая обл, г Лебедянь",399610.0,Липецкая,53.0156117,39.143536,20991
г Липецк,398000.0,Липецкая,52.610249,39.5947883,508124
"Липецкая обл, г Усмань",399341.0,Липецкая,52.0442648,39.726401,18752
"Липецкая обл, г Чаплыгин",399900.0,Липецкая,53.24048,39.9670973,12656
г Магадан,685000.0,Магаданская,59.5681332,150.8084956,95925
"Магаданская обл, г Сусуман",686314.0,Магаданская,62.7805882,148.1540281,5865
"Респ Марий Эл, г Волжск",425000.0,Марий Эл,55.8623156,48.3715083,55671
"Респ Марий Эл, г Звенигово",425060.0,Марий Эл,55.9738571,48.0170245,11945
г Йошкар-Ола,424000.0,Марий Эл,56.6343662,47.8999706,248688
"Респ Марий Эл, г Козьмодемьянск",425350.0,Марий Эл,56.3334036,46.546675,21262
"Респ Мордовия, г Ардатов",431850.0,Мордовия,54.8465544,46.2411232,9400
"Респ Мордовия, г Инсар",431430.0,Мордовия,53.8770022,44.3696566,8687
"Респ Мордовия, г Ковылкино",431350.0,Мордовия,54.0391072,43.9191539,21307
"Респ Мордовия, г Краснослободск",431260.0,Мордовия,54.4248207,43.7845011,10151
"Респ Мордовия, г Рузаевка",431440.0,Мордовия,54.0581967,44.9490466,47529
г Саранск,430000.0,Мордовия,54.1809332,45.1862632,318841
"Респ Мордовия, г Темников",431220.0,Мордовия,54.6310583,43.2161099,7247
г Москва,101000.0,Москва,55.7540471,37.620405,11514330
"Московская обл, г Наро-Фоминск, г Апрелевка",143360.0,Московская,55.5276918,37.065143,18467
"Московская обл, г Балашиха",143900.0,Московская,55.796389,37.938283,215353
"Московская обл, г Воскресенск, г Белоозёрский",140250.0,Московская,55.4595766,38.4389742,17842
"Московская обл, г Бронницы",140170.0,Московская,55.4255379,38.264145,21102
"Московская обл, г Наро-Фоминск, г Верея",143330.0,Московская,55.343369,36.185694,5368
"Московская обл, г Видное",142700.0,Московская,55.551725,37.7061984,56798
"Московская обл, г Волоколамск",143600.0,Московская,56.0356499,35.9585112,23386
"Московская обл, г Воскресенск",140200.0,Московская,55.3071519,38.7027953,91301
"Московская обл, г Клин, г Высоковск",141650.0,Московская,56.3359513,36.5251837,10642
"Московская обл, г Одинцово, г Голицыно",143040.0,Московская,55.6190582,36.9856793,17447
"Московская обл, г Истра, г Дедовск",143530.0,Московская,55.8703276,37.1245043,29280
"Московская обл, г Дзержинский",140090.0,Московская,55.6240869,37.8440276,47125
"Московская обл, г Дмитров",141800.0,Московская,56.3477457,37.526672,61454
"Московская обл, г Долгопрудный",141700.0,Московская,55.9385999,37.5101021,90976
"Московская обл, г Домодедово",142000.0,Московская,55.4363283,37.7664984,96123
"Московская обл, г Орехово-Зуево, г Дрезна",142660.0,Московская,55.7443143,38.8498479,11815
"Московская обл, г Дубна",141980.0,Московская,56.741786,37.1757223,70569
"Московская обл, г Егорьевск",140300.0,Московская,55.3830113,39.0358317,70133
"Московская обл, г Жуковский",140180.0,Московская,55.599803,38.1224298,102729
"Московская обл, г Зарайск",140600.0,Московская,54.762456,38.8850978,24648
"Московская обл, г Одинцово, г Звенигород",143180.0,Московская,55.7297089,36.8554029,16395
"Московская обл, г Ивантеевка",141280.0,Московская,55.9741665,37.9207539,58594
"Московская обл, г Истра",143500.0,Московская,55.9062267,36.8601454,35106
"Московская обл, г Кашира",142900.0,Московская,54.853337,38.1904392,41880
"Московская обл, г Клин",141601.0,Московская,56.3425605,36.7240032,80584
"Московская обл, г Коломна",140400.0,Московская,55.102814,38.7531002,144642
"Московская обл, г Королёв",141060.0,Московская,55.9161773,37.8545415,183452
"Московская обл, г Котельники",140053.0,Московская,55.6597925,37.8631156,32347
"Московская обл, г Красноармейск",141290.0,Московская,56.105426,38.140838,26294
"Московская обл, г Красногорск",143401.0,Московская,55.8317203,37.3295266,116738
"Московская обл, г Сергиев Посад, г Краснозаводск",141321.0,Московская,56.4409979,38.2320307,13432
"Московская обл, г Краснознаменск",143090.0,Московская,55.5978959,37.0393709,36057
"Московская обл, г Одинцово, г Кубинка",143070.0,Московская,55.5754955,36.6951995,22918
"Московская обл, г Орехово-Зуево, г Куровское",142620.0,Московская,55.5792277,38.9207723,21821
"Московская обл, г Орехово-Зуево, г Ликино-Дулёво",142663.0,Московская,55.7078257,38.9578093,31331
"Московская обл, г Лобня",141055.0,Московская,56.0328881,37.4614035,74350
"Московская обл, г Лосино-Петровский",141150.0,Московская,55.8713214,38.200599,22550
"Московская обл, г Луховицы",140500.0,Московская,54.9652077,39.0260266,29849
"Московская обл, г Лыткарино",140080.0,Московская,55.5778163,37.9033507,55147
"Московская обл, г Люберцы",140000.0,Московская,55.676499,37.898125,171978
"Московская обл, г Можайск",143200.0,Московская,55.5069259,36.024043,31388
"Московская обл, г Мытищи",141000.0,Московская,55.9105782,37.7363579,173341
"Московская обл, г Наро-Фоминск",143300.0,Московская,55.386185,36.734484,64640
"Московская обл, г Ногинск",142400.0,Московская,55.8686133,38.4622104,99762
"Московская обл, г Одинцово",143000.0,Московская,55.6789455,37.263686,139021
"Московская обл, г Озёры",140560.0,Московская,54.8541006,38.5599196,25788
"Московская обл, г Орехово-Зуево",142600.0,Московская,55.8151421,38.9869822,120620
"Московская обл, г Павловский Посад",142500.0,Московская,55.7807244,38.6596983,63771
"Московская обл, г Сергиев Посад, г Пересвет",141320.0,Московская,56.4158326,38.1733534,14142
"Московская обл, г Подольск",142100.0,Московская,55.4389322,37.5703482,187956
"Московская обл, г Протвино",142280.0,Московская,54.8705984,37.2182749,37308
"Московская обл, г Пушкино",141200.0,Московская,56.0103638,37.8471403,102840
"Московская обл, г Пущино",142290.0,Московская,54.8324412,37.6210346,20263
"Московская обл, г Раменское",140100.0,Московская,55.5495132,38.2728914,96355
"Московская обл, г Реутов",143960.0,Московская,55.7582621,37.8618553,87195
"Московская обл, г Шатура, г Рошаль",140730.0,Московская,55.6632776,39.8656147,21265
"Московская обл, г Руза",143100.0,Московская,55.7014744,36.1959206,13495
"Московская обл, г Сергиев Посад",141300.0,Московская,56.3062548,38.1502661,110878
"Московская обл, г Серпухов",142200.0,Московская,54.9226466,37.4033859,126496
"Московская обл, г Солнечногорск",141503.0,Московская,56.185102,36.977631,52996
"Московская обл, г Ногинск, г Старая Купавна",142450.0,Московская,55.810648,38.175624,21859
"Московская обл, г Ступино",142800.0,Московская,54.886274,38.078228,66942
"Московская обл, г Талдом",141900.0,Московская,56.7308564,37.5276003,13819
"Московская обл, г Фрязино",141190.0,Московская,55.9590588,38.0410235,55449
"Московская обл, г Химки",141402.0,Московская,55.888657,37.4303702,207125
"Московская обл, г Сергиев Посад, г Хотьково",141370.0,Московская,56.2516982,37.9396017,21612
"Московская обл, г Черноголовка",142432.0,Московская,56.010005,38.379245,20986
"Московская обл, г Чехов",142300.0,Московская,55.1508011,37.4533252,60677
"Московская обл, г Шатура",140700.0,Московская,55.5777427,39.5445712,32836
"Московская обл, г Щёлково",141100.0,Московская,55.9233801,37.9783707,110380
"Московская обл, г Электрогорск",142530.0,Московская,55.8780241,38.7806752,22120
"Московская обл, г Электросталь",144000.0,Московская,55.7847291,38.4447045,155324
"Московская обл, г Ногинск, г Электроугли",142455.0,Московская,55.7170877,38.2192563,20120
"Московская обл, г Дмитров, г Яхрома",141840.0,Московская,56.2890516,37.4831799,13248
"Мурманская обл, г Апатиты",184200.0,Мурманская,67.5677761,33.4067929,59690
"Мурманская обл, г Гаджиево",184670.0,Мурманская,69.2491311,33.315341,11089
"Мурманская обл, г Заозерск",184310.0,Мурманская,69.4003584,32.4501496,11206
"Мурманская обл, Печенгский р-н, г Заполярный",184430.0,Мурманская,69.4132852,30.7984312,15835
"Мурманская обл, г Кандалакша",184042.0,Мурманская,67.1567974,32.4143218,35659
"Мурманская обл, г Кировск",184250.0,Мурманская,67.6150424,33.663735,28659
"Мурманская обл, г Ковдор",184144.0,Мурманская,67.5661417,30.4741941,18836
"Мурманская обл, г Кола",184380.0,Мурманская,68.8786028,33.0262299,10447
"Мурманская обл, г Мончегорск",184505.0,Мурманская,67.9386153,32.9359719,45381
г Мурманск,183000.0,Мурманская,69.007721,33.0685865,307664
"Мурманская обл, г Оленегорск",184530.0,Мурманская,68.1422058,33.2669407,23079
"Мурманская обл, г Островной",184640.0,Мурманская,68.0510344,39.5077846,2177
"Мурманская обл, г Полярные Зори",184230.0,Мурманская,67.373084,32.4975636,15106
"Мурманская обл, г Полярный",184650.0,Мурманская,69.1989583,33.4508591,17304
"Мурманская обл, г Североморск",184601.0,Мурманская,69.0766801,33.4177759,50076
"Мурманская обл, г Снежногорск",184682.0,Мурманская,69.1921409,33.2383502,12698
г Нарьян-Мар,166000.0,Ненецкий,67.6379672,53.0069565,21296
"Нижегородская обл, г Арзамас",607220.0,Нижегородская,55.3945814,43.8408141,106367
"Нижегородская обл, г Балахна",606407.0,Нижегородская,56.495036,43.5758423,51526
"Нижегородская обл, г Богородск",607600.0,Нижегородская,56.1020828,43.5135442,25497
"Нижегородская обл, г Бор",606440.0,Нижегородская,56.3565458,44.0646481,78079
"Нижегородская обл, г Ветлуга",606860.0,Нижегородская,57.8559204,45.7761957,8956
"Нижегородская обл, г Володарск",606072.0,Нижегородская,56.2169751,43.1596417,9924
"Нижегородская обл, Павловский р-н, г Ворсма",606120.0,Нижегородская,55.989943,43.2718859,11622
"Нижегородская обл, г Выкса",607060.0,Нижегородская,55.3207727,42.1678834,56196
"Нижегородская обл, Павловский р-н, г Горбатов",606125.0,Нижегородская,56.1307769,43.0626185,2278
"Нижегородская обл, г Городец",606500.0,Нижегородская,56.6449218,43.4723104,30699
"Нижегородская обл, г Дзержинск",606000.0,Нижегородская,56.2376047,43.4599416,240762
"Нижегородская обл, Городецкий р-н, г Заволжье",606520.0,Нижегородская,56.6404286,43.3872492,40265
"Нижегородская обл, г Княгинино",606340.0,Нижегородская,55.8205915,45.032337,6708
"Нижегородская обл, г Кстово",607650.0,Нижегородская,56.1432084,44.1664198,66641
"Нижегородская обл, г Кулебаки",607010.0,Нижегородская,55.4296181,42.5125538,35762
"Нижегородская обл, г Лукоянов",607800.0,Нижегородская,55.0326225,44.4933807,14949
"Нижегородская обл, г Лысково",606210.0,Нижегородская,56.0262359,45.035771,21882
"Нижегородская обл, г Навашино",607100.0,Нижегородская,55.543811,42.1887089,16413
г Нижний Новгород,603000.0,Нижегородская,56.3240627,44.0053913,1250615
"Нижегородская обл, г Павлово",606100.0,Нижегородская,55.9797564,43.0995042,60699
"Нижегородская обл, г Первомайск",607751.0,Нижегородская,54.8675792,43.8013992,14567
"Нижегородская обл, г Перевоз",607400.0,Нижегородская,55.5967718,44.5448369,9201
"Нижегородская обл, г Саров",607180.0,Нижегородская,54.9228268,43.3448089,92073
"Нижегородская обл, г Семенов",606605.0,Нижегородская,56.7889794,44.4902885,24472
"Нижегородская обл, г Сергач",607510.0,Нижегородская,55.5201515,45.4813231,21387
"Нижегородская обл, г Урень",606803.0,Нижегородская,57.4612572,45.7833293,12311
"Нижегородская обл, г Чкаловск",606540.0,Нижегородская,56.7651262,43.242077,12371
"Нижегородская обл, г Шахунья",606910.0,Нижегородская,57.6764293,46.6129009,21337
"Новгородская обл, г Боровичи",174400.0,Новгородская,58.3840197,33.9175929,54731
"Новгородская обл, г Валдай",175400.0,Новгородская,57.9823766,33.2369436,16099
г Великий Новгород,173000.0,Новгородская,58.5213846,31.2755394,218724
"Новгородская обл, г Малая Вишера",174260.0,Новгородская,58.8458379,32.2247401,12461
"Новгородская обл, г Окуловка",174350.0,Новгородская,58.3910296,33.2901557,12464
"Новгородская обл, г Пестово",174510.0,Новгородская,58.5973723,35.8143898,15911
"Новгородская обл, г Сольцы",175040.0,Новгородская,58.1201281,30.309351,10317
"Новгородская обл, г Старая Русса",175200.0,Новгородская,57.990737,31.3554897,32235
"Новгородская обл, г Холм",175270.0,Новгородская,57.145108,31.1787499,3829
"Новгородская обл, г Чудово",174210.0,Новгородская,59.1248394,31.6866241,16148
"Новосибирская обл, Барабинский р-н, г Барабинск",632330.0,Новосибирская,55.35146,78.3464506,30250
"Новосибирская обл, г Бердск",633000.0,Новосибирская,54.7582156,83.1070605,98809
"Новосибирская обл, г Болотное",633340.0,Новосибирская,55.6692421,84.3906889,16969
"Новосибирская обл, г Искитим",633200.0,Новосибирская,54.6267603,83.2951244,60072
"Новосибирская обл, г Карасук",632860.0,Новосибирская,53.7343189,78.0422967,28929
"Новосибирская обл, г Каргат",632400.0,Новосибирская,55.1945666,80.2829495,10620
"Новосибирская обл, Куйбышевский р-н, г Куйбышев",632380.0,Новосибирская,55.4685094,78.3242048,47278
"Новосибирская обл, г Купино",632730.0,Новосибирская,54.366055,77.2973368,15448
г Новосибирск,630000.0,Новосибирская,55.028191,82.9211489,1498921
"Новосибирская обл, г Обь",633100.0,Новосибирская,54.9945576,82.6937181,26137
"Новосибирская обл, Татарский р-н, г Татарск",632120.0,Новосибирская,55.2146167,75.9739914,26114
"Новосибирская обл, г Тогучин",633450.0,Новосибирская,55.2251631,84.4104118,21531
"Новосибирская обл, г Черепаново",633520.0,Новосибирская,54.2206476,83.3724521,19346
"Новосибирская обл, г Чулым",632550.0,Новосибирская,55.0906867,80.9592508,11964
"Омская обл, г Исилькуль",646020.0,Омская,54.9096002,71.2816284,25905
"Омская обл, г Калачинск",646900.0,Омская,55.0598155,74.5653644,24000
"Омская обл, г Называевск",646100.0,Омская,55.5689323,71.3503426,12119
г Омск,644000.0,Омская,54.9848566,73.3674517,1154000
"Омская обл, г Тара",646530.0,Омская,56.9160511,74.3649194,26664
"Омская обл, г Тюкалинск",646330.0,Омская,55.8703415,72.1954747,12050
"Оренбургская обл, г Абдулино",461743.0,Оренбургская,53.6778906,53.6472483,20663
"Оренбургская обл, г Бугуруслан",461630.0,Оренбургская,53.6523728,52.4326853,52249
"Оренбургская обл, г Бузулук",461040.0,Оренбургская,52.7881277,52.2624877,82816
"Оренбургская обл, г Гай",462631.0,Оренбургская,51.4649189,58.4436875,38302
"Оренбургская обл, г Кувандык",462240.0,Оренбургская,51.4783857,57.3612636,26176
"Оренбургская обл, г Медногорск",462271.0,Оренбургская,51.4037617,57.583163,27253
"Оренбургская обл, г Новотроицк",462351.0,Оренбургская,51.1964202,58.3018192,97914
г Оренбург,460000.0,Оренбургская,51.7875092,55.1018828,570329
"Оренбургская обл, г Орск",462400.0,Оренбургская,51.2294282,58.4752777,238006
"Оренбургская обл, г Соль-Илецк",461504.0,Оренбургская,51.1633736,54.9896726,26308
"Оренбургская обл, г Сорочинск",461900.0,Оренбургская,52.426685,53.1542745,30136
"Оренбургская обл, г Ясный",462780.0,Оренбургская,51.036838,59.874344,16082
"Орловская обл, г Болхов",303140.0,Орловская,53.4438496,36.0076833,11421
"Орловская обл, г Дмитровск",303240.0,Орловская,52.5054851,35.1415009,5956
"Орловская обл, г Ливны",303850.0,Орловская,52.4284558,37.6039506,50430
"Орловская обл, г Малоархангельск",303369.0,Орловская,52.4002192,36.5038579,3872
"Орловская обл, г Мценск",303030.0,Орловская,53.2788438,36.5749105,43216
"Орловская обл, г Новосиль",303500.0,Орловская,52.97454,37.0437146,3799
г Орёл,302000.0,Орловская,52.9671298,36.0696427,317854
"Пензенская обл, г Белинский",442250.0,Пензенская,52.9640996,43.4183212,8567
"Пензенская обл, г Городище",442310.0,Пензенская,53.2726916,45.7026142,8102
"Пензенская обл, г Заречный",442960.0,Пензенская,53.1960836,45.1689907,63579
"Пензенская обл, г Каменка",442240.0,Пензенская,53.1855463,44.0469717,39579
"Пензенская обл, г Кузнецк",442530.0,Пензенская,53.1130888,46.605092,88886
"Пензенская обл, г Нижний Ломов",442150.0,Пензенская,53.5300905,43.6730217,22678
"Пензенская обл, г Никольск",442680.0,Пензенская,53.7137496,46.0799857,22471
г Пенза,440000.0,Пензенская,53.1753314,45.0348625,519592
"Пензенская обл, г Сердобск",442890.0,Пензенская,52.4697595,44.2122414,35393
"Пензенская обл, г Спасск",442600.0,Пензенская,53.9271974,43.1859073,7442
"Пензенская обл, Городищенский р-н, г Сурск",442300.0,Пензенская,53.0761357,45.6910796,7032
"Пермский край, г Александровск",618320.0,Пермский,59.1613221,57.5763459,15022
"Пермский край, г Березники",618400.0,Пермский,59.4079923,56.8039427,156350
"Пермский край, г Верещагино",617119.0,Пермский,58.0797571,54.6581309,22760
"Пермский край, г Горнозаводск",618820.0,Пермский,58.3742532,58.3231716,12334
"Пермский край, г Гремячинск",618270.0,Пермский,58.5626082,57.8520572,11005
"Пермский край, г Губаха",618250.0,Пермский,58.8371721,57.554533,27544
"Пермский край, г Добрянка",618730.0,Пермский,58.469685,56.4130737,35720
"Пермский край, г Кизел",618350.0,Пермский,59.0512783,57.6471028,20277
"Пермский край, г Красновишерск",618590.0,Пермский,60.3901321,57.0535682,17129
"Пермский край, г Краснокамск",617060.0,Пермский,58.0822065,55.7479936,52632
"Пермский край, г Кудымкар",619000.0,Пермский,59.0167925,54.6572508,30711
"Пермский край, г Кунгур",617470.0,Пермский,57.4283296,56.9438656,67857
"Пермский край, г Лысьва",618900.0,Пермский,58.0995875,57.8086825,67712
"Пермский край, г Нытва",617000.0,Пермский,57.9336725,55.3356084,19041
"Пермский край, г Оса",618120.0,Пермский,57.2889515,55.4688668,22420
"Пермский край, г Оханск",618100.0,Пермский,57.7180034,55.3872469,7597
"Пермский край, г Очер",617140.0,Пермский,57.8852686,54.7161091,15003
г Пермь,614000.0,Пермский,58.0102583,56.2342034,1000679
"Пермский край, г Соликамск",618541.0,Пермский,59.6482998,56.771009,97239
"Пермский край, г Усолье",618460.0,Пермский,59.4277573,56.6837872,5694
"Пермский край, г Чайковский",617760.0,Пермский,56.7781501,54.1477965,82933
"Пермский край, г Чердынь",618601.0,Пермский,60.4011933,56.4799933,4920
"Пермский край, Ильинский р-н, г Чермоз",617040.0,Пермский,58.7842834,56.1507138,4017
"Пермский край, г Чернушка",617830.0,Пермский,56.5160768,56.0763049,33275
"Пермский край, г Чусовой",618200.0,Пермский,58.2974596,57.8193615,46740
"Приморский край, г Арсеньев",692330.0,Приморский,44.1622031,133.2696209,56742
"Приморский край, г Артем",692486.0,Приморский,43.3501675,132.1596175,102636
"Приморский край, г Большой Камень",692801.0,Приморский,43.1111742,132.3480082,39257
г Владивосток,690000.0,Приморский,43.1164904,131.8823937,592069
"Приморский край, г Дальнегорск",692441.0,Приморский,44.5539457,135.5662716,37503
"Приморский край, г Дальнереченск",692130.0,Приморский,45.9308483,133.7316907,27601
"Приморский край, г Лесозаводск",692031.0,Приморский,45.4780092,133.4186199,36975
"Приморский край, г Находка",692900.0,Приморский,42.8239372,132.8927361,159695
"Приморский край, г Партизанск",692851.0,Приморский,43.1280578,133.1264567,38648
"Приморский край, г Спасск-Дальний",692230.0,Приморский,44.5901175,132.8157288,44166
"Приморский край, г Уссурийск",692500.0,Приморский,43.7971818,131.9518229,157946
"Приморский край, г Фокино",692880.0,Приморский,42.9706317,132.4110196,23683
"Псковская обл, г Великие Луки",182100.0,Псковская,56.332208,30.5508641,98778
"Псковская обл, г Гдов",181600.0,Псковская,58.7432429,27.8264809,4379
"Псковская обл, г Дно",182670.0,Псковская,57.826974,29.9629389,9061
"Псковская обл, г Невель",182500.0,Псковская,56.0201973,29.9239983,16324
"Псковская обл, г Новоржев",182440.0,Псковская,57.029807,29.3433083,3695
"Псковская обл, г Новосокольники",182200.0,Псковская,56.3408431,30.1527573,8119
"Псковская обл, г Опочка",182333.0,Псковская,56.710725,28.6717519,11601
"Псковская обл, г Остров",181353.0,Псковская,57.3451528,28.3437593,21670
"Псковская обл, г Печоры",181502.0,Псковская,57.8145817,27.622259,12308
"Псковская обл, г Порхов",182620.0,Псковская,57.7765219,29.5436626,10608
г Псков,180000.0,Псковская,57.8194415,28.3317198,203974
"Псковская обл, г Пустошка",182300.0,Псковская,56.3374813,29.3668055,4619
"Псковская обл, г Пыталово",181410.0,Псковская,57.0637952,27.9236214,5826
"Псковская обл, г Себеж",182250.0,Псковская,56.2908554,28.4724326,6375
"Ростовская обл, г Азов",346780.0,Ростовская,47.1121589,39.4232555,82882
"Ростовская обл, г Аксай",346720.0,Ростовская,47.2676314,39.8756872,41984
"Ростовская обл, г Батайск",346880.0,Ростовская,47.1383299,39.7507179,112400
"Ростовская обл, г Белая Калитва",347040.0,Ростовская,48.1769737,40.8033529,43688
"Ростовская обл, г Волгодонск",347360.0,Ростовская,47.5165338,42.1984951,170621
"Ростовская обл, г Гуково",347870.0,Ростовская,48.0448904,39.9484672,67268
"Ростовская обл, г Донецк",346330.0,Ростовская,48.3350706,39.945891,50085
"Ростовская обл, г Зверево",346310.0,Ростовская,48.0435487,40.1265822,22416
"Ростовская обл, г Зерноград",347740.0,Ростовская,46.8495958,40.312837,26850
"Ростовская обл, г Каменск-Шахтинский",347800.0,Ростовская,48.3205326,40.2689583,95306
"Ростовская обл, г Константиновск",347250.0,Ростовская,47.5773717,41.0967445,17926
"Ростовская обл, г Красный Сулин",346350.0,Ростовская,47.8831311,40.0781298,40866
"Ростовская обл, г Миллерово",346130.0,Ростовская,48.9260077,40.3984087,36493
"Ростовская обл, г Морозовск",347210.0,Ростовская,48.3511807,41.8309225,27644
"Ростовская обл, г Новочеркасск",346400.0,Ростовская,47.411919,40.1042098,169039
"Ростовская обл, г Новошахтинск",346900.0,Ростовская,47.757773,39.9363697,111087
"Ростовская обл, г Пролетарск",347540.0,Ростовская,46.7038963,41.727594,20267
г Ростов-на-Дону,344000.0,Ростовская,47.2224566,39.718803,1091544
"Ростовская обл, г Сальск",347630.0,Ростовская,46.4752095,41.5410415,61312
"Ростовская обл, г Семикаракорск",346630.0,Ростовская,47.5177337,40.8114167,23884
"Ростовская обл, г Таганрог",347900.0,Ростовская,47.2094917,38.9350989,257692
"Ростовская обл, г Цимлянск",347320.0,Ростовская,47.6477448,42.0931505,15029
"Ростовская обл, г Шахты",346500.0,Ростовская,47.7085287,40.2159846,240152
"Рязанская обл, г Касимов",391300.0,Рязанская,54.9373475,41.3913211,33494
"Рязанская обл, г Кораблино",391200.0,Рязанская,53.9246659,40.0227745,12657
"Рязанская обл, г Михайлов",391710.0,Рязанская,54.2297402,39.0091481,11783
"Рязанская обл, Пронский р-н, г Новомичуринск",391160.0,Рязанская,54.0376572,39.74654,19309
"Рязанская обл, г Рыбное",391110.0,Рязанская,54.7256164,39.5134398,18378
"Рязанская обл, г Ряжск",391960.0,Рязанская,53.7067584,40.0522274,21676
г Рязань,390000.0,Рязанская,54.6254445,39.7358609,525062
"Рязанская обл, г Сасово",391430.0,Рязанская,54.3508885,41.9117422,28117
"Рязанская обл, г Скопин",391800.0,Рязанская,53.823543,39.5492421,30374
"Рязанская обл, г Спас-Клепики",391030.0,Рязанская,55.1291721,40.1745338,5917
"Рязанская обл, г Спасск-Рязанский",391050.0,Рязанская,54.4070719,40.3763426,7745
"Рязанская обл, г Шацк",391550.0,Рязанская,54.0287312,41.7181803,6562
"Самарская обл, г Жигулевск",445350.0,Самарская,53.4011981,49.4945176,57565
"Самарская обл, г Кинель",446430.0,Самарская,53.2210298,50.6343776,34472
"Самарская обл, г Нефтегорск",446600.0,Самарская,52.7972914,51.1637392,18732
"Самарская обл, г Новокуйбышевск",446200.0,Самарская,53.0994565,49.9477382,108449
"Самарская обл, г Октябрьск",445240.0,Самарская,53.1640488,48.670762,27244
"Самарская обл, г Отрадный",446300.0,Самарская,53.3800848,51.3438605,47709
"Самарская обл, г Похвистнево",446450.0,Самарская,53.6498299,52.1235156,28181
г Самара,443000.0,Самарская,53.1950306,50.1069518,1164900
"Самарская обл, г Сызрань",446000.0,Самарская,53.1558674,48.4744629,178773
"Самарская обл, г Тольятти",445000.0,Самарская,53.5205348,49.3894028,719484
"Самарская обл, г Чапаевск",446100.0,Самарская,52.928961,49.8673269,72689
г Санкт-Петербург,190000.0,Санкт-Петербург,59.9391313,30.3159004,4848742
"Саратовская обл, г Аркадак",412210.0,Саратовская,51.938831,43.4999221,12846
"Саратовская обл, г Аткарск",412420.0,Саратовская,51.8736062,45.0003247,25620
"Саратовская обл, г Балаково",413840.0,Саратовская,52.0224231,47.7827765,199576
"Саратовская обл, г Балашов",412300.0,Саратовская,51.5388697,43.1839757,82222
"Саратовская обл, г Вольск",412900.0,Саратовская,52.0459865,47.3873595,66520
"Саратовская обл, г Ершов",413500.0,Саратовская,51.3508505,48.2762226,21447
"Саратовская обл, г Калининск",412480.0,Саратовская,51.4993591,44.4710435,16442
"Саратовская обл, г Красноармейск",412800.0,Саратовская,51.023541,45.695044,24362
"Саратовская обл, г Красный Кут",413230.0,Саратовская,50.9598317,46.9712016,14420
"Саратовская обл, г Маркс",413090.0,Саратовская,51.7133337,46.7400339,31535
"Саратовская обл, г Новоузенск",413360.0,Саратовская,50.455199,48.1413153,17015
"Саратовская обл, г Петровск",412540.0,Саратовская,52.3094237,45.3851877,31158
"Саратовская обл, г Пугачев",413720.0,Саратовская,52.0159921,48.7972223,41705
"Саратовская обл, г Ртищево",412030.0,Саратовская,52.2616271,43.7842248,41295
г Саратов,410000.0,Саратовская,51.533557,46.034257,836900
"Саратовская обл, г Хвалынск",412780.0,Саратовская,52.4951572,48.1045771,13199
"Саратовская обл, г Шиханы",412950.0,Саратовская,52.1147391,47.2023118,6067
"Саратовская обл, г Энгельс",413100.0,Саратовская,51.4854003,46.126722,202838
"Сахалинская обл, г Александровск-Сахалинский",694420.0,Сахалинская,50.8974378,142.1578559,10613
"Сахалинская обл, г Анива",694030.0,Сахалинская,46.713152,142.5265804,8449
"Сахалинская обл, г Долинск",694051.0,Сахалинская,47.3255783,142.7945071,12200
"Сахалинская обл, г Корсаков",694020.0,Сахалинская,46.6324545,142.799445,33526
"Сахалинская обл, г Курильск",694530.0,Сахалинская,45.2270954,147.8796323,2070
"Сахалинская обл, г Макаров",694140.0,Сахалинская,48.6236334,142.7803205,6788
"Сахалинская обл, г Невельск",694740.0,Сахалинская,46.6526899,141.8630725,11682
"Сахалинская обл, г Оха",694490.0,Сахалинская,53.5867839,142.9412411,23007
"Сахалинская обл, г Поронайск",694240.0,Сахалинская,49.238866,143.1008333,16461
"Сахалинская обл, г Северо-Курильск",694550.0,Сахалинская,50.6730577,156.1282211,2381
"Сахалинская обл, г Томари",694820.0,Сахалинская,47.7620108,142.0615837,4537
"Сахалинская обл, г Углегорск",694920.0,Сахалинская,49.0815774,142.0692639,11880
"Сахалинская обл, г Холмск",694620.0,Сахалинская,47.0408423,142.041688,30936
г Южно-Сахалинск,693000.0,Сахалинская,46.9591631,142.737976,181727
"Свердловская обл, г Алапаевск",624600.0,Свердловская,57.8475571,61.6693817,38198
"Свердловская обл, Сысертский р-н, г Арамиль",624000.0,Свердловская,56.694632,60.8343125,14227
"Свердловская обл, г Артемовский",623780.0,Свердловская,57.3384177,61.8947443,32878
"Свердловская обл, г Асбест",624260.0,Свердловская,57.0052277,61.4581156,70067
"Свердловская обл, г Березовский",623700.0,Свердловская,56.9095924,60.8180907,51583
"Свердловская обл, Богдановичский р-н, г Богданович",623530.0,Свердловская,56.7764795,62.0463679,31752
"Свердловская обл, г Верхний Тагил",624160.0,Свердловская,57.3763758,59.9517653,11843
"Свердловская обл, г Верхняя Пышма",624090.0,Свердловская,56.9758903,60.5650383,58707
"Свердловская обл, г Верхняя Салда",624760.0,Свердловская,58.0465803,60.5560164,46240
"Свердловская обл, г Верхняя Тура",624320.0,Свердловская,58.3643685,59.8265235,9468
"Свердловская обл, г Верхотурье",624380.0,Свердловская,58.8622073,60.8103945,8815
"Свердловская обл, г Волчанск",624940.0,Свердловская,59.9351707,60.0798618,10008
"Свердловская обл, г Дегтярск",623270.0,Свердловская,56.7048206,60.079138,15521
г Екатеринбург,620000.0,Свердловская,56.8385216,60.6054911,1377738
"Свердловская обл, г Заречный",624250.0,Свердловская,56.8102931,61.3380029,26803
"Свердловская обл, г Ивдель",624590.0,Свердловская,60.6944496,60.4245069,17764
"Свердловская обл, г Ирбит",623850.0,Свердловская,57.6838362,63.057675,38352
"Свердловская обл, г Каменск-Уральский",623400.0,Свердловская,56.414962,61.9188674,174710
"Свердловская обл, г Камышлов",624860.0,Свердловская,56.8465034,62.7119766,26875
"Свердловская обл, г Карпинск",624930.0,Свердловская,59.7665925,60.0011703,29118
"Свердловская обл, г Качканар",624350.0,Свердловская,58.7051762,59.4839155,42563
"Свердловская обл, г Кировград",624140.0,Свердловская,57.4299433,60.0624051,21959
"Свердловская обл, г Краснотурьинск",624440.0,Свердловская,59.7636635,60.1934525,59701
"Свердловская обл, г Красноуральск",624330.0,Свердловская,58.348651,60.0408764,24973
"Свердловская обл, г Красноуфимск",623300.0,Свердловская,56.612387,57.7636637,39765
"Свердловская обл, г Кушва",624300.0,Свердловская,58.2826013,59.7645766,33027
"Свердловская обл, г Лесной",624200.0,Свердловская,58.6348516,59.7981565,52464
"Свердловская обл, Нижнесергинский р-н, г Михайловск",623080.0,Свердловская,56.4370039,59.1137316,9215
"Свердловская обл, г Невьянск",624191.0,Свердловская,57.49131,60.2183429,25147
"Свердловская обл, г Нижние Серги",623090.0,Свердловская,56.6544959,59.2953035,11217
"Свердловская обл, г Нижний Тагил",622000.0,Свердловская,57.910126,59.9812853,361883
"Свердловская обл, г Нижняя Салда",624740.0,Свердловская,58.0748272,60.7025418,17969
"Свердловская обл, г Нижняя Тура",624220.0,Свердловская,58.6309267,59.8520344,21596
"Свердловская обл, г Новая Ляля",624400.0,Свердловская,59.0538977,60.5944825,12400
"Свердловская обл, г Новоуральск",624130.0,Свердловская,57.2472567,60.0956714,91813
"Свердловская обл, г Первоуральск",623100.0,Свердловская,56.9080085,59.942926,149800
"Свердловская обл, г Полевской",623382.0,Свердловская,56.4956952,60.2365298,64316
"Свердловская обл, г Ревда",623280.0,Свердловская,56.7986319,59.9071591,61713
"Свердловская обл, г Реж",623750.0,Свердловская,57.3717477,61.3833842,38709
"Свердловская обл, г Североуральск",624480.0,Свердловская,60.1533109,59.9525245,29279
"Свердловская обл, г Серов",624981.0,Свердловская,59.6047724,60.5753882,99381
"Свердловская обл, г Среднеуральск",624070.0,Свердловская,56.9918901,60.4771018,20357
"Свердловская обл, Сухоложский р-н, г Сухой Лог",624800.0,Свердловская,56.9076193,62.0358093,34836
"Свердловская обл, г Сысерть",624021.0,Свердловская,56.5005715,60.8190003,20594
"Свердловская обл, г Тавда",623950.0,Свердловская,58.0434672,65.274217,35421
"Свердловская обл, г Талица",623640.0,Свердловская,57.0122687,63.7320757,18339
"Свердловская обл, г Туринск",623900.0,Свердловская,58.0393524,63.6981973,17990
г Севастополь,299700.0,Севастополь,44.6167013,33.525355,393304
"Респ Северная Осетия - Алания, г Алагир",363240.0,Северная Осетия - Алания,43.0417684,44.2199715,20949
"Респ Северная Осетия - Алания, г Ардон",363331.0,Северная Осетия - Алания,43.1755152,44.2955775,18774
"Респ Северная Осетия - Алания, г Беслан",363020.0,Северная Осетия - Алания,43.1937529,44.5338707,36724
г Владикавказ,362000.0,Северная Осетия - Алания,43.020588,44.6819182,311635
"Респ Северная Осетия - Алания, г Дигора",363410.0,Северная Осетия - Алания,43.1567628,44.1549483,10856
"Респ Северная Осетия - Алания, г Моздок",363750.0,Северная Осетия - Алания,43.7471342,44.6569607,38748
"Смоленская обл, г Велиж",216290.0,Смоленская,55.6057916,31.1856206,7620
"Смоленская обл, г Вязьма",215110.0,Смоленская,55.2116983,34.2951663,57103
"Смоленская обл, г Гагарин",215010.0,Смоленская,55.5525228,34.9950502,31721
"Смоленская обл, г Демидов",216240.0,Смоленская,55.2682105,31.5062809,7333
"Смоленская обл, г Десногорск",216400.0,Смоленская,54.146457,33.2833222,29677
"Смоленская обл, г Дорогобуж",215710.0,Смоленская,54.9136959,33.3023162,10720
"Смоленская обл, г Духовщина",216200.0,Смоленская,55.1950257,32.401252,4370
"Смоленская обл, г Ельня",216330.0,Смоленская,54.5837795,33.1749867,10095
"Смоленская обл, г Починок",216450.0,Смоленская,54.406244,32.4398039,8776
"Смоленская обл, г Рославль",216500.0,Смоленская,53.9449558,32.8480258,54898
"Смоленская обл, г Рудня",216790.0,Смоленская,54.9441093,31.0794806,10029
"Смоленская обл, г Сафоново",215500.0,Смоленская,55.1199661,33.2336988,46116
г Смоленск,214000.0,Смоленская,54.782635,32.045251,326863
"Смоленская обл, г Сычевка",215279.0,Смоленская,55.8308821,34.2778793,8111
"Смоленская обл, г Ярцево",215800.0,Смоленская,55.0564732,32.6902302,47853
"Ставропольский край, г Благодарный",356420.0,Ставропольский,45.0989782,43.4306455,32736
"Ставропольский край, г Буденновск",356800.0,Ставропольский,44.7816067,44.1650339,64628
"Ставропольский край, г Георгиевск",357820.0,Ставропольский,44.1485694,43.4739851,72126
"Ставропольский край, г Ессентуки",357600.0,Ставропольский,44.0446186,42.8588653,100969
"Ставропольский край, г Железноводск",357400.0,Ставропольский,44.1320568,43.0306461,24496
"Ставропольский край, г Зеленокумск",357910.0,Ставропольский,44.4032668,43.8841877,35790
"Ставропольский край, г Изобильный",356140.0,Ставропольский,45.3684296,41.708702,40546
"Ставропольский край, г Ипатово",356630.0,Ставропольский,45.7181751,42.8970206,26055
"Ставропольский край, г Кисловодск",357700.0,Ставропольский,43.9052044,42.7168721,128502
"Ставропольский край, г Лермонтов",357340.0,Ставропольский,44.1054107,42.973135,22540
"Ставропольский край, г Минеральные Воды",357200.0,Ставропольский,44.2087273,43.138408,76715
"Ставропольский край, г Михайловск",356240.0,Ставропольский,45.1297323,42.0288443,71018
"Ставропольский край, г Невинномысск",357100.0,Ставропольский,44.6226031,41.9476723,118351
"Ставропольский край, г Нефтекумск",356880.0,Ставропольский,44.7544552,44.9865347,27700
"Ставропольский край, г Новоалександровск",356000.0,Ставропольский,45.4932733,41.2153996,26759
"Ставропольский край, г Новопавловск",357300.0,Ставропольский,43.9617097,43.6342865,26556
"Ставропольский край, г Пятигорск",357500.0,Ставропольский,44.041091,43.0661553,142397
"Ставропольский край, г Светлоград",356530.0,Ставропольский,45.328659,42.8565714,38520
г Ставрополь,355000.0,Ставропольский,45.044516,41.9689655,398266
"Тамбовская обл, г Жердевка",393670.0,Тамбовская,51.8422192,41.4617687,15211
"Тамбовская обл, г Кирсанов",393360.0,Тамбовская,52.6506335,42.7286445,17240
"Тамбовская обл, г Котовск",393190.0,Тамбовская,52.5924489,41.5101237,31851
"Тамбовская обл, г Мичуринск",393760.0,Тамбовская,52.8912389,40.5104443,98758
"Тамбовская обл, г Моршанск",393950.0,Тамбовская,53.4436216,41.8115478,41550
"Тамбовская обл, г Рассказово",393250.0,Тамбовская,52.6538833,41.874285,45484
г Тамбов,392000.0,Тамбовская,52.7213154,41.452264,280457
"Тамбовская обл, г Уварово",393460.0,Тамбовская,51.9767841,42.2529799,26829
"Респ Татарстан, г Агрыз",422230.0,Татарстан,56.5232864,52.9943775,19299
"Респ Татарстан, г Азнакаево",423330.0,Татарстан,54.8598642,53.0745527,34859
"Респ Татарстан, г Альметьевск",423403.0,Татарстан,54.9014619,52.2970467,146309
"Респ Татарстан, г Арск",422000.0,Татарстан,56.0912567,49.877067,18114
"Респ Татарстан, г Бавлы",423930.0,Татарстан,54.4062891,53.2458065,22109
"Респ Татарстан, г Болгар",422840.0,Татарстан,54.974891,49.0303882,8650
"Респ Татарстан, г Бугульма",423230.0,Татарстан,54.5363495,52.7895849,89144
"Респ Татарстан, г Буинск",422430.0,Татарстан,54.9641538,48.2901209,20342
"Респ Татарстан, г Елабуга",423600.0,Татарстан,55.7567107,52.0543794,70750
"Респ Татарстан, г Заинск",423520.0,Татарстан,55.299053,52.0062972,41798
"Респ Татарстан, г Зеленодольск",422521.0,Татарстан,55.8466651,48.5010954,97651
"Респ Татарстан, Верхнеуслонский р-н, г Иннополис",420500.0,Татарстан,55.7521699,48.7446846,96
г Казань,420000.0,Татарстан,55.7943584,49.1114975,1216965
"Респ Татарстан, г Кукмор",422110.0,Татарстан,56.1861392,50.8970238,17700
"Респ Татарстан, г Лаишево",422610.0,Татарстан,55.4042867,49.5499838,7735
"Респ Татарстан, г Лениногорск",423250.0,Татарстан,54.5967034,52.4431906,64145
"Респ Татарстан, г Мамадыш",422190.0,Татарстан,55.7150413,51.4129016,14432
"Респ Татарстан, г Менделеевск",423650.0,Татарстан,55.895169,52.3143347,22075
"Респ Татарстан, г Мензелинск",423700.0,Татарстан,55.7270698,53.1003968,16474
"Респ Татарстан, г Набережные Челны",423800.0,Татарстан,55.7434619,52.3959165,513242
"Респ Татарстан, г Нижнекамск",423570.0,Татарстан,55.6313609,51.8144669,234108
"Респ Татарстан, г Нурлат",423040.0,Татарстан,54.4281461,50.8049337,32600
"Респ Татарстан, г Тетюши",422370.0,Татарстан,54.936516,48.8314533,11596
"Респ Татарстан, г Чистополь",422951.0,Татарстан,55.3699139,50.6285784,60703
"Тверская обл, г Андреаполь",172800.0,Тверская,56.6506724,32.2620163,8265
"Тверская обл, г Бежецк",171980.0,Тверская,57.7860089,36.6904983,24517
"Тверская обл, г Белый",172530.0,Тверская,55.8339056,32.9389741,3771
"Тверская обл, г Бологое",171070.0,Тверская,57.8855767,34.0537771,23499
"Тверская обл, г Весьегонск",171720.0,Тверская,58.6582598,37.2567558,7330
"Тверская обл, г Вышний Волочек",171150.0,Тверская,57.568302,34.5404016,52326
"Тверская обл, г Западная Двина",172610.0,Тверская,56.2566492,32.0805315,9376
"Тверская обл, г Зубцов",172332.0,Тверская,56.1760868,34.5825515,6937
"Тверская обл, г Калязин",171571.0,Тверская,57.2579478,37.7819693,13870
"Тверская обл, г Кашин",171640.0,Тверская,57.360194,37.6119436,16174
"Тверская обл, г Кимры",171500.0,Тверская,56.8733213,37.3556605,49623
"Тверская обл, г Конаково",171250.0,Тверская,56.7275204,36.8012716,41303
"Тверская обл, г Красный Холм",171660.0,Тверская,58.0571446,37.1126156,5608
"Тверская обл, г Кувшиново",172110.0,Тверская,57.0265168,34.1676009,10008
"Тверская обл, г Лихославль",171210.0,Тверская,57.1221304,35.4667605,12259
"Тверская обл, г Нелидово",172520.0,Тверская,56.2232566,32.7767459,22886
"Тверская обл, г Осташков",172730.0,Тверская,57.1456744,33.1115372,18073
"Тверская обл, г Ржев",172380.0,Тверская,56.262881,34.3291002,62026
"Тверская обл, г Старица",171360.0,Тверская,56.514876,34.9336396,8610
г Тверь,170000.0,Тверская,56.8586059,35.9116761,403726
"Тверская обл, г Торжок",172000.0,Тверская,57.04133,34.9602344,47702
"Тверская обл, г Торопец",172842.0,Тверская,56.5012188,31.6355466,13018
"Тверская обл, г Удомля",171841.0,Тверская,57.8787314,35.0167348,31048
"Томская обл, г Асино",636840.0,Томская,56.9907085,86.1765257,25614
"Томская обл, г Кедровый",636615.0,Томская,57.561869,79.5677821,2451
"Томская обл, г Колпашево",636460.0,Томская,58.3114253,82.9025829,24126
"Томская обл, г Северск",636000.0,Томская,56.6031285,84.8809926,108466
"Томская обл, г Стрежевой",636780.0,Томская,60.732895,77.604122,42216
г Томск,634000.0,Томская,56.4845804,84.9481582,522940
"Тульская обл, г Алексин",301352.0,Тульская,54.5083349,37.0478067,61738
"Тульская обл, г Белев",301530.0,Тульская,53.8114179,36.1382247,13918
"Тульская обл, г Богородицк",301830.0,Тульская,53.7701014,38.1225152,31897
"Тульская обл, Киреевский р-н, г Болохово",301280.0,Тульская,54.0820349,37.826724,9619
"Тульская обл, г Венев",301320.0,Тульская,54.3542315,38.2642236,15220
"Тульская обл, г Донской",301760.0,Тульская,53.9678944,38.3371824,64561
"Тульская обл, г Ефремов",301840.0,Тульская,53.1464766,38.0921657,42350
"Тульская обл, г Кимовск",301720.0,Тульская,53.9698378,38.5380808,28493
"Тульская обл, г Киреевск",301260.0,Тульская,53.9319555,37.9220351,25585
"Тульская обл, Киреевский р-н, г Липки",301264.0,Тульская,53.9417551,37.7020148,8741
"Тульская обл, г Новомосковск",301650.0,Тульская,54.0109075,38.2914024,131227
"Тульская обл, г Плавск",301470.0,Тульская,53.7096415,37.2862352,16248
"Тульская обл, Щекинский р-н, г Советск",301205.0,Тульская,53.9338874,37.6316141,7537
"Тульская обл, г Суворов",301430.0,Тульская,54.1343585,36.4807419,18975
г Тула,300000.0,Тульская,54.1920559,37.6153842,501129
"Тульская обл, г Узловая",301600.0,Тульская,53.9730452,38.1763201,55282
"Тульская обл, Суворовский р-н, г Чекалин",301414.0,Тульская,54.0984438,36.2474142,994
"Тульская обл, г Щекино",301240.0,Тульская,54.0020652,37.5176288,58154
"Тульская обл, г Ясногорск",301030.0,Тульская,54.4795484,37.6896048,16804
"Респ Тыва, г Ак-Довурак",668050.0,Тыва,51.178452,90.5985129,13469
г Кызыл,667000.0,Тыва,51.7191047,94.4376882,109906
"Респ Тыва, г Туран",668510.0,Тыва,52.1449619,93.9173396,4988
"Респ Тыва, г Чадан",668110.0,Тыва,51.2844502,91.5788609,9037
"Респ Тыва, г Шагонар",668210.0,Тыва,51.5346393,92.9199675,10958
"Тюменская обл, г Заводоуковск",627140.0,Тюменская,56.5027463,66.5513613,25657
"Тюменская обл, г Ишим",627705.0,Тюменская,56.1104858,69.4795776,69567
"Тюменская обл, г Тобольск",626150.0,Тюменская,58.2017299,68.2538558,99698
г Тюмень,625000.0,Тюменская,57.1529744,65.5344099,581758
"Тюменская обл, г Ялуторовск",627010.0,Тюменская,56.6547289,66.3122992,36494
"Респ Удмуртская, г Воткинск",427430.0,Удмуртская,57.0518149,53.9873096,100034
"Респ Удмуртская, г Глазов",427620.0,Удмуртская,58.1359233,52.6635038,95835
г Ижевск,426000.0,Удмуртская,56.852738,53.2114896,628117
"Респ Удмуртская, г Камбарка",427950.0,Удмуртская,56.2659916,54.193374,11028
"Респ Удмуртская, г Можга",427759.0,Удмуртская,56.4427774,52.2137886,47959
"Респ Удмуртская, г Сарапул",427960.0,Удмуртская,56.4615767,53.8037657,101390
"Ульяновская обл, Барышский р-н, г Барыш",433750.0,Ульяновская,53.6533992,47.1181134,17149
"Ульяновская обл, г Димитровград",433500.0,Ульяновская,54.2167926,49.6262585,122549
"Ульяновская обл, г Инза",433030.0,Ульяновская,53.8549647,46.3533459,18547
"Ульяновская обл, г Новоульяновск",433300.0,Ульяновская,54.1447956,48.3910789,16032
"Ульяновская обл, г Сенгилей",433380.0,Ульяновская,53.958964,48.7768269,6959
г Ульяновск,432000.0,Ульяновская,54.3079415,48.3748487,613793
"Хабаровский край, г Амурск",682640.0,Хабаровский,50.2344147,136.8792444,42977
"Хабаровский край, г Бикин",682970.0,Хабаровский,46.8185743,134.2550718,17156
"Хабаровский край, г Вяземский",682950.0,Хабаровский,47.5353379,134.7553856,14556
"Хабаровский край, г Комсомольск-на-Амуре",681000.0,Хабаровский,50.5498936,137.0079408,263906
"Хабаровский край, г Николаевск-на-Амуре",682460.0,Хабаровский,53.1460657,140.7111367,22773
"Хабаровский край, г Советская Гавань",682800.0,Хабаровский,48.9664966,140.285174,27712
г Хабаровск,680000.0,Хабаровский,48.4647258,135.0598942,577668
"Респ Хакасия, г Абаза",655750.0,Хакасия,52.6516647,90.0885686,17111
г Абакан,655000.0,Хакасия,53.7223325,91.4436721,165183
"Респ Хакасия, г Саяногорск",655602.0,Хакасия,53.1008083,91.4122454,49889
"Респ Хакасия, г Сорск",655111.0,Хакасия,54.0002888,90.2594446,12140
"Респ Хакасия, г Черногорск",655151.0,Хакасия,53.8259342,91.3260229,72117
"Ханты-Мансийский Автономный округ - Югра АО, г Белоярский",628160.0,Ханты-Мансийский Автономный округ - Югра,63.7121099,66.6772226,20283
"Ханты-Мансийский Автономный округ - Югра АО, г Когалым",628481.0,Ханты-Мансийский Автономный округ - Югра,62.2639527,74.4829794,58192
"Ханты-Мансийский Автономный округ - Югра АО, г Лангепас",628671.0,Ханты-Мансийский Автономный округ - Югра,61.2536939,75.1807763,41675
"Ханты-Мансийский Автономный округ - Югра АО, Сургутский р-н, г Лянтор",628449.0,Ханты-Мансийский Автономный округ - Югра,61.6392863,72.179409,38922
"Ханты-Мансийский Автономный округ - Югра АО, г Мегион",628680.0,Ханты-Мансийский Автономный округ - Югра,61.0318712,76.1025878,49471
"Ханты-Мансийский Автономный округ - Югра АО, г Нефтеюганск",628301.0,Ханты-Мансийский Автономный округ - Югра,61.0882676,72.6164079,123276
"Ханты-Мансийский Автономный округ - Югра АО, г Нижневартовск",628600.0,Ханты-Мансийский Автономный округ - Югра,60.9396698,76.5696184,251860
"Ханты-Мансийский Автономный округ - Югра АО, г Нягань",628181.0,Ханты-Мансийский Автономный округ - Югра,62.1454701,65.3946047,54903
"Ханты-Мансийский Автономный округ - Югра АО, г Покачи",628660.0,Ханты-Мансийский Автономный округ - Югра,61.7422169,75.5941517,17053
"Ханты-Мансийский Автономный округ - Югра АО, г Пыть-Ях",628380.0,Ханты-Мансийский Автономный округ - Югра,60.7585833,72.8365617,41453
"Ханты-Мансийский Автономный округ - Югра АО, г Радужный",628461.0,Ханты-Мансийский Автономный округ - Югра,62.1342888,77.4584094,43394
"Ханты-Мансийский Автономный округ - Югра АО, г Советский",628240.0,Ханты-Мансийский Автономный округ - Югра,61.3706913,63.5667222,26434
"Ханты-Мансийский Автономный округ - Югра АО, г Сургут",628400.0,Ханты-Мансийский Автономный округ - Югра,61.2541083,73.3961587,306703
"Ханты-Мансийский Автономный округ - Югра АО, г Урай",628280.0,Ханты-Мансийский Автономный округ - Югра,60.1296954,64.8038508,39435
г Ханты-Мансийск,628000.0,Ханты-Мансийский Автономный округ - Югра,61.0023984,69.0184798,79410
"Ханты-Мансийский Автономный округ - Югра АО, г Югорск",628260.0,Ханты-Мансийский Автономный округ - Югра,61.3123568,63.3365484,34066
"Челябинская обл, г Аша",456015.0,Челябинская,54.9906527,57.2783953,31916
"Челябинская обл, Саткинский р-н, г Бакал",456900.0,Челябинская,54.9406399,58.8051698,20953
"Челябинская обл, г Верхнеуральск",457670.0,Челябинская,53.8760961,59.2169852,9459
"Челябинская обл, г Верхний Уфалей",456800.0,Челябинская,56.0487158,60.2318886,30504
"Челябинская обл, г Еманжелинск",456580.0,Челябинская,54.7554548,61.3243477,30218
"Челябинская обл, г Златоуст",456200.0,Челябинская,55.1714905,59.6725549,174985
"Челябинская обл, г Карабаш",456140.0,Челябинская,55.4852323,60.2358881,13151
"Челябинская обл, г Карталы",457353.0,Челябинская,53.0536197,60.6478408,29136
"Челябинская обл, г Касли",456833.0,Челябинская,55.8868784,60.7421663,16998
"Челябинская обл, г Катав-Ивановск",456110.0,Челябинская,54.7521438,58.1983648,17640
"Челябинская обл, г Копейск",456600.0,Челябинская,55.116665,61.6179185,137604
"Челябинская обл, г Коркино",456550.0,Челябинская,54.8903147,61.4034576,38950
"Челябинская обл, г Куса",456940.0,Челябинская,55.3386053,59.4385778,18792
"Челябинская обл, г Кыштым",456870.0,Челябинская,55.7061276,60.5563781,38950
"Челябинская обл, г Магнитогорск",455000.0,Челябинская,53.4072153,58.9791437,408401
"Челябинская обл, г Миасс",456300.0,Челябинская,55.0456457,60.1077572,151812
"Челябинская обл, Ашинский р-н, г Миньяр",456007.0,Челябинская,55.0709557,57.548478,10195
"Челябинская обл, г Нязепетровск",456971.0,Челябинская,56.0536895,59.6097202,12452
"Челябинская обл, г Озерск",456780.0,Челябинская,55.763154,60.7076198,82268
"Челябинская обл, г Пласт",457020.0,Челябинская,54.3692764,60.8151894,17344
"Челябинская обл, г Сатка",456913.0,Челябинская,55.0405288,59.0288975,45465
"Челябинская обл, Ашинский р-н, г Сим",456020.0,Челябинская,54.9907827,57.6900155,14465
"Челябинская обл, г Снежинск",456770.0,Челябинская,56.0851495,60.7324914,48896
"Челябинская обл, г Трехгорный",456080.0,Челябинская,54.8178249,58.4464194,33678
"Челябинская обл, г Троицк",457100.0,Челябинская,54.0843745,61.5586831,78637
"Челябинская обл, г Усть-Катав",456040.0,Челябинская,54.9260812,58.152805,23586
"Челябинская обл, г Чебаркуль",456439.0,Челябинская,54.9818567,60.3773121,43405
г Челябинск,454000.0,Челябинская,55.1602624,61.4008078,1130273
"Челябинская обл, г Южноуральск",457040.0,Челябинская,54.448927,61.2581158,37890
"Челябинская обл, Катав-Ивановский р-н, г Юрюзань",456120.0,Челябинская,54.854662,58.4226698,12568
"Респ Чеченская, г Аргун",,Чеченская,43.2916774,45.8723105,29528
г Грозный,364000.0,Чеченская,43.3180145,45.698291,271596
"Респ Чеченская, г Гудермес",366200.0,Чеченская,43.3519142,46.1035645,45643
"Респ Чеченская, г Курчалой",366314.0,Чеченская,43.2046547,46.0889364,25672
"Респ Чеченская, г Урус-Мартан",366500.0,Чеченская,43.120175,45.539276,49071
"Респ Чеченская, г Шали",366300.0,Чеченская,43.1488691,45.9009629,47715
"Чувашская Республика - Чувашия, г Алатырь",429820.0,Чувашская Республика,54.8397989,46.5721997,38202
"Чувашская Республика - Чувашия, г Канаш",429330.0,Чувашская Республика,55.507,47.4918273,45608
"Чувашская Республика - Чувашия, г Козловка",429430.0,Чувашская Республика,55.8406025,48.2577735,10355
"Чувашская Республика - Чувашия, г Мариинский Посад",429570.0,Чувашская Республика,56.111923,47.7142942,10186
"Чувашская Республика - Чувашия, г Новочебоксарск",429950.0,Чувашская Республика,56.1094977,47.4791113,124094
"Чувашская Республика - Чувашия, г Цивильск",429900.0,Чувашская Республика,55.8650213,47.4729349,13478
г Чебоксары,428000.0,Чувашская Республика,56.1438298,47.2489782,447929
"Чувашская Республика - Чувашия, г Шумерля",429120.0,Чувашская Республика,55.4962415,46.4182681,33412
"Чувашская Республика - Чувашия, г Ядрин",429061.0,Чувашская Республика,55.9406974,46.2020896,9614
г Анадырь,689000.0,Чукотский,64.7313924,177.5015421,13053
"Чукотский АО, г Билибино",689450.0,Чукотский,68.0584191,166.4388172,5504
"Чукотский АО, г Певек",689400.0,Чукотский,69.7016661,170.2999022,4161
"Респ Саха /Якутия/, г Алдан",678900.0,Саха /Якутия/,58.6094283,125.3817188,21277
"Респ Саха /Якутия/, у Верхоянский, г Верхоянск",678530.0,Саха /Якутия/,67.5502451,133.390735,1311
"Респ Саха /Якутия/, г Вилюйск",678200.0,Саха /Якутия/,63.7517616,121.627284,10233
"Респ Саха /Якутия/, г Ленск",678141.0,Саха /Якутия/,60.7276196,114.9548255,24955
"Респ Саха /Якутия/, г Мирный",678170.0,Саха /Якутия/,62.536232,113.9667728,37179
"Респ Саха /Якутия/, г Нерюнгри",678960.0,Саха /Якутия/,56.6599953,124.7202403,61746
"Респ Саха /Якутия/, г Нюрба",678450.0,Саха /Якутия/,63.2828955,118.3242437,10156
"Респ Саха /Якутия/, г Олекминск",678100.0,Саха /Якутия/,60.3758006,120.4060878,9487
"Респ Саха /Якутия/, г Покровск",678000.0,Саха /Якутия/,61.4843503,129.1482392,9495
"Респ Саха /Якутия/, г Среднеколымск",678790.0,Саха /Якутия/,67.4582218,153.7069425,3525
"Респ Саха /Якутия/, у Алданский, г Томмот",678953.0,Саха /Якутия/,58.9586859,126.2875462,8054
"Респ Саха /Якутия/, у Мирнинский, г Удачный",678188.0,Саха /Якутия/,66.4071765,112.3061555,12611
г Якутск,677000.0,Саха /Якутия/,62.0281405,129.7325887,269486
"Ямало-Ненецкий АО, г Губкинский",629830.0,Ямало-Ненецкий,64.4457594,76.4713274,23340
"Ямало-Ненецкий АО, г Лабытнанги",629400.0,Ямало-Ненецкий,66.6592841,66.3883009,26948
"Ямало-Ненецкий АО, г Муравленко",629601.0,Ямало-Ненецкий,63.7940552,74.4948635,33401
"Ямало-Ненецкий АО, г Надым",629734.0,Ямало-Ненецкий,65.5377966,72.5182736,46550
"Ямало-Ненецкий АО, г Новый Уренгой",629300.0,Ямало-Ненецкий,66.0839433,76.6809681,104144
"Ямало-Ненецкий АО, г Ноябрьск",629800.0,Ямало-Ненецкий,63.2018039,75.4510581,110572
г Салехард,629000.0,Ямало-Ненецкий,66.5492077,66.6085318,42494
"Ямало-Ненецкий АО, г Тарко-Сале",629850.0,Ямало-Ненецкий,64.9118803,77.7610236,20372
"Ярославская обл, г Гаврилов-Ям",152240.0,Ярославская,57.3091058,39.8546444,17792
"Ярославская обл, г Данилов",152070.0,Ярославская,58.1860098,40.1795067,15861
"Ярославская обл, г Любим",152470.0,Ярославская,58.3620228,40.686841,5553
"Ярославская обл, г Мышкин",152830.0,Ярославская,57.7881684,38.4544224,5932
"Ярославская обл, г Переславль-Залесский",152020.0,Ярославская,56.7360544,38.8543617,41923
"Ярославская обл, г Пошехонье",152850.0,Ярославская,58.5062879,39.1208434,6085
"Ярославская обл, г Ростов",152150.0,Ярославская,57.2051315,39.4378622,31791
"Ярославская обл, г Рыбинск",152900.0,Ярославская,58.0485495,38.8584119,200771
"Ярославская обл, г Тутаев",152300.0,Ярославская,57.8674993,39.5369627,41001
"Ярославская обл, г Углич",152610.0,Ярославская,57.5224249,38.3020044,34505
г Ярославль,150000.0,Ярославская,57.6215477,39.8977411,591486
